event_id,timestamp,platform_id,platform,action,status
dfe38e65-88c6-49a9-b64e-f289c03d6d79,2026-05-20T20:47:43Z,okta_emp_252,Okta,UpdateProfile,Success
432755d5-602f-42b4-a93c-e880d534988f,2026-05-21T02:22:43Z,okta_emp_153,Okta,SSOLogin,Success
e26a0a6c-c625-4e2a-b747-ec616c31aaf7,2026-05-21T02:45:43Z,ad_emp_104,AD,ChangePassword,Success
abfcea0c-07d8-47dd-802e-73e7167aae15,2026-05-21T03:04:43Z,okta_emp_077,Okta,SSOLogin,Success
f5f0a56c-f64b-4947-bd88-8ccbcc904d44,2026-05-21T03:36:43Z,aws_emp_268,AWS,DescribeEC2Instances,Success
7c223ec6-8c96-4372-89a0-f452f77820ad,2026-05-21T05:12:43Z,aws_emp_262,AWS,Anomalous_Mass_S3_Download,Success
7a729196-d1e6-4860-b5df-24afbe63db31,2026-05-21T05:56:43Z,okta_emp_063,Okta,ViewDashboard,Success
2b7345f5-b148-479f-920c-593b9ad97c93,2026-05-21T07:00:43Z,aws_emp_113,AWS,DescribeEC2Instances,Success
618465f9-e407-42c6-82af-c02801de9735,2026-05-21T08:28:43Z,aws_emp_153,AWS,AssumeRole,Success
fbbc0a39-ff2d-4550-a1e7-828b62e39f4a,2026-05-21T10:26:43Z,aws_emp_043,AWS,ReadS3Bucket,Success
60315b35-3630-4672-9cd5-eafe4513a787,2026-05-21T10:36:43Z,okta_emp_243,Okta,ViewDashboard,Success
1fb4ed95-ada9-43e4-8fca-2f9bbde84494,2026-05-21T11:02:43Z,aws_emp_203,AWS,Use_Expired_Token,Success
81505951-76a5-4b17-b01b-03a53ca6abe7,2026-05-21T11:26:43Z,aws_emp_070,AWS,AssumeRole,Success
6968ef62-1819-4ecf-8353-75742cee603e,2026-05-21T11:54:43Z,ad_emp_151,AD,ReadShare,Success
e9bcc8ac-02fe-499c-afeb-d77092d97a82,2026-05-21T12:00:43Z,aws_emp_254,AWS,AssumeRole,Success
97c37a53-012d-4979-abf2-f3a8f05be8f7,2026-05-21T12:10:43Z,ad_emp_109,AD,Login,Success
ef85708d-f491-4a79-ab8d-80fdf71dfe1b,2026-05-21T13:28:43Z,okta_emp_214,Okta,SSOLogin,Success
e747dbba-91ed-49f7-9e7e-38cc6fdc8ab6,2026-05-21T14:38:43Z,ad_emp_106,AD,ChangePassword,Success
5a422958-e1ff-4f62-93d4-1e2c3cc35a92,2026-05-21T14:46:43Z,ad_emp_184,AD,Login,Success
26788270-f62d-4141-a1ff-aa7fd87e41a1,2026-05-21T15:12:43Z,okta_emp_085,Okta,ViewDashboard,Success
d2ec788a-029a-4d40-bca5-f86322347392,2026-05-21T16:16:43Z,aws_emp_233,AWS,AssumeRole,Success
0ca6329c-3979-4d90-b805-4bf779845e16,2026-05-21T16:19:43Z,ad_emp_154,AD,ChangePassword,Success
e511cdd0-7728-4fe3-8a2e-b974c873757a,2026-05-21T16:57:43Z,ad_emp_160,AD,ChangePassword,Success
bfce2e5d-c726-4b58-b4fb-4370545dc27d,2026-05-21T17:57:43Z,aws_emp_082,AWS,AssumeRole,Success
ee795c7a-e059-4383-a8be-637ed9ca1d04,2026-05-21T17:59:43Z,okta_emp_199,Okta,ViewDashboard,Success
6143def3-d406-4742-aa33-f3eca0813a34,2026-05-21T18:11:43Z,ad_emp_142,AD,Logoff,Success
eeabc77f-8ca6-4a1d-95bc-d8035283127c,2026-05-21T18:42:43Z,aws_emp_197,AWS,ReadS3Bucket,Success
b0a32064-e022-431d-8668-018f015b96f0,2026-05-21T19:32:43Z,ad_emp_154,AD,Login,Success
28b95f83-2346-4135-9bdc-b865e7a912af,2026-05-21T19:45:43Z,ad_emp_147,AD,ReadShare,Success
a62aaef1-4b2d-4b10-b908-cd2ea06ee8ce,2026-05-21T22:09:43Z,okta_emp_131,Okta,Impossible_Travel_Login,Success
521a0198-b15d-4570-af9b-ff9eeae46ba4,2026-05-21T22:59:43Z,ad_emp_266,AD,ChangePassword,Success
779c76f0-9868-4014-a300-95bdc6cd2cb5,2026-05-21T23:36:43Z,aws_emp_186,AWS,ReadS3Bucket,Success
c61544d8-1d90-4e99-bc0c-56a697fed066,2026-05-22T00:12:43Z,okta_emp_156,Okta,GrantAdminRole,Success
a7cd0826-09f9-4c9b-8307-46d23818af7d,2026-05-22T00:21:43Z,aws_emp_047,AWS,DescribeEC2Instances,Success
2cf5aec0-502e-462e-a7f7-3346d821f790,2026-05-22T00:50:43Z,aws_emp_154,AWS,DescribeEC2Instances,Success
9ba1e49d-2a54-4f36-8375-c5a144d2baec,2026-05-22T02:06:43Z,okta_emp_043,Okta,UpdateProfile,Success
1911d1fd-bcbe-47d0-a928-c2a6494e66f6,2026-05-22T02:43:43Z,okta_emp_066,Okta,ViewDashboard,Success
c497a4e1-bf7d-4b05-a1ed-c664b2483309,2026-05-22T03:04:43Z,aws_emp_186,AWS,AssumeRole,Success
66d7c3be-dfb8-4d23-99ac-7e47da6fdeba,2026-05-22T03:35:43Z,okta_emp_039,Okta,UpdateProfile,Success
416bdea5-33ce-4041-a8dd-02c45f5a17bd,2026-05-22T04:56:43Z,ad_emp_155,AD,ResetAdminPassword,Success
edfe428c-4a19-4cd3-8e44-aa01db1959ec,2026-05-22T05:17:43Z,okta_emp_283,Okta,UpdateProfile,Success
64cd0316-e8ee-4248-a14f-2d654a82f011,2026-05-22T05:37:43Z,okta_emp_053,Okta,ViewDashboard,Success
90be3169-66c7-4ae1-9194-fa12a4303d5c,2026-05-22T06:35:43Z,aws_emp_284,AWS,DescribeEC2Instances,Success
a453645d-7b75-442b-944b-3007f61f8c5e,2026-05-22T06:46:43Z,okta_emp_091,Okta,UpdateProfile,Success
95437b7a-1d79-4870-b6bd-88cb867b8487,2026-05-22T08:32:43Z,aws_emp_031,AWS,ReadS3Bucket,Success
b68aa93a-e25b-4fd6-bae5-e2aa236e15b2,2026-05-22T08:52:43Z,aws_emp_199,AWS,AssumeRole,Success
9484b378-5d9a-492e-b470-26221fecc0d4,2026-05-22T08:58:43Z,aws_emp_275,AWS,DescribeEC2Instances,Success
49063dd3-6d30-4638-9894-f9e6a9d0338f,2026-05-22T10:22:43Z,okta_emp_245,Okta,SSOLogin,Success
f34de1cc-8166-4fc1-a43b-4e87f7c4a1f3,2026-05-22T13:31:43Z,ad_emp_271,AD,Login,Success
46738b8b-47d3-48d4-8d02-7f9046fef233,2026-05-22T14:03:43Z,ad_emp_148,AD,ChangePassword,Success
2881bd31-5101-48cc-86a4-de0d1ca358d0,2026-05-22T15:23:43Z,aws_emp_242,AWS,ReadS3Bucket,Success
4ed40734-585b-4682-beb8-68fa78bf8de1,2026-05-22T15:29:43Z,okta_emp_140,Okta,SSOLogin,Success
2e8376ec-db9f-4a8b-92d9-470e90b081a2,2026-05-22T15:55:43Z,okta_emp_299,Okta,ViewDashboard,Success
33c17038-4a67-4d77-993f-7f23d48aeb5b,2026-05-22T16:21:43Z,aws_emp_271,AWS,ReadS3Bucket,Success
23c37405-5176-4693-8808-344f5faa87e7,2026-05-22T16:27:43Z,okta_emp_077,Okta,SSOLogin,Success
f61e5a1e-59cb-471f-ac93-b5a15567c7f2,2026-05-22T16:50:43Z,aws_emp_073,AWS,ReadS3Bucket,Success
6d6e613a-cb5b-4a6c-a663-6bdef00635e8,2026-05-22T17:34:43Z,okta_emp_029,Okta,UpdateProfile,Success
ce96c89b-216c-4ad5-b4e0-e219612e5a28,2026-05-22T18:25:43Z,okta_emp_258,Okta,GrantAdminRole,Success
e4df2e70-d6e4-4da0-be56-331aa6464cb8,2026-05-22T19:40:43Z,okta_emp_051,Okta,ViewDashboard,Success
0299a053-8d33-4294-aba7-7ea941136fd7,2026-05-22T20:15:43Z,okta_emp_181,Okta,SSOLogin,Success
f3d037de-71e5-4c05-942d-e956a2a4b9da,2026-05-22T20:32:43Z,okta_emp_217,Okta,SSOLogin,Success
3600ad3f-c817-4d20-b9bb-6529957ad6a8,2026-05-22T21:05:43Z,okta_emp_088,Okta,UpdateProfile,Success
19b8f001-20df-4b27-850d-a54aa5a533d3,2026-05-23T02:20:43Z,aws_emp_082,AWS,AssumeRole,Success
a6b8fbff-5f31-4eac-8efa-7712ec62d638,2026-05-23T04:24:43Z,aws_emp_191,AWS,DescribeEC2Instances,Success
cb43001d-8e0c-473e-ab0c-f88fee5ad05d,2026-05-23T04:56:43Z,ad_emp_063,AD,ChangePassword,Success
db4a2835-3313-4902-910f-04e1247db8db,2026-05-23T05:00:43Z,okta_emp_094,Okta,Impossible_Travel_Login,Success
d273a85e-d316-4c7f-99ea-74ec0456f96b,2026-05-23T05:27:43Z,aws_emp_283,AWS,DescribeEC2Instances,Success
f9c896a4-2740-4513-9bf4-74a488825b52,2026-05-23T05:53:43Z,ad_emp_096,AD,ReadShare,Success
191a18ac-e109-4cae-9eb4-96523c7a6f74,2026-05-23T06:46:43Z,okta_emp_073,Okta,GrantAdminRole,Success
8cec1d16-10ca-4efa-8d03-798266dfd96e,2026-05-23T07:55:43Z,ad_emp_268,AD,Logoff,Success
65e25f1d-b277-4458-ade2-96129d9db115,2026-05-23T08:41:43Z,aws_emp_169,AWS,ReadS3Bucket,Success
a8a0f9f9-d812-48fc-b58f-3d87d99e9b1f,2026-05-23T11:07:43Z,aws_emp_287,AWS,DescribeEC2Instances,Success
b2ca41af-1b21-4b32-bf8f-5f6f3cf1a5ad,2026-05-23T11:22:43Z,aws_emp_219,AWS,ReadS3Bucket,Success
8eda4a95-2cf2-4faf-be82-65e1d748b4d7,2026-05-23T12:06:43Z,aws_emp_074,AWS,AssumeRole,Success
d3776e05-e6d2-4b9a-a36a-d4d08929e9e6,2026-05-23T13:50:43Z,ad_emp_051,AD,ChangePassword,Success
4998c57c-9cb0-4dcb-9681-427ae8d673d3,2026-05-23T14:49:43Z,okta_emp_291,Okta,UpdateProfile,Success
ef9f7355-18af-4281-9f9c-f45c33e3b06b,2026-05-23T16:14:43Z,aws_emp_077,AWS,AssumeRole,Success
412cde31-6c07-4d20-98b2-e05bab9145e4,2026-05-23T16:20:43Z,aws_emp_030,AWS,DescribeEC2Instances,Success
a73eb381-f032-4f9e-b0bb-565d63f18f77,2026-05-23T16:22:43Z,ad_emp_124,AD,ReadShare,Success
742bc8b0-fba9-48d4-bc52-2c549440a39f,2026-05-23T16:25:43Z,ad_emp_193,AD,Login,Success
e70cf1c0-f10b-420f-a660-065528dcd518,2026-05-23T16:48:43Z,aws_emp_291,AWS,ReadS3Bucket,Success
520065ec-7168-42b4-aa2d-d7331314fc54,2026-05-23T17:22:43Z,ad_emp_249,AD,ChangePassword,Success
145a0f0c-b6b3-4fc0-bbbd-812306b07156,2026-05-23T18:21:43Z,aws_emp_079,AWS,DescribeEC2Instances,Success
bb0525fd-754a-4a97-b9ff-2fe9be3453dd,2026-05-23T19:01:43Z,ad_emp_280,AD,ReadShare,Success
b6762ca3-9fe3-4685-84db-b4ca021fc0fb,2026-05-23T19:14:43Z,okta_emp_151,Okta,SSOLogin,Success
b46cba12-95c6-47e2-b29d-973314be5b2a,2026-05-23T21:09:43Z,okta_emp_238,Okta,Login_From_New_Country,Success
c74666ef-4b4a-4df3-abb4-5b75773d08bf,2026-05-23T21:28:43Z,aws_emp_266,AWS,AssumeRole,Success
756238cf-f1cb-4aaf-8e97-7890d0a6f262,2026-05-23T21:48:43Z,ad_emp_061,AD,Login,Success
fe510f3a-415a-4af0-a2fb-6d4317b9cbac,2026-05-23T22:03:43Z,okta_emp_118,Okta,UpdateProfile,Success
20ceabcc-7b77-4e3e-a34b-ce32a582ebdc,2026-05-23T22:11:43Z,aws_emp_295,AWS,DescribeEC2Instances,Success
fefb1596-ad75-44ed-9160-234d83a0f43f,2026-05-23T23:33:43Z,aws_emp_278,AWS,AssumeRole,Success
d341023b-1d43-43a9-9228-c35aefb0f21d,2026-05-24T00:09:43Z,okta_emp_169,Okta,ViewDashboard,Success
c6b12e39-e196-427b-8f72-9c47b4ede242,2026-05-24T00:49:43Z,ad_emp_040,AD,ReadShare,Success
52e1c068-05af-4f68-9fdd-1a5f825e54f1,2026-05-24T01:02:43Z,aws_emp_188,AWS,ReadS3Bucket,Success
05c99226-3b8a-474f-b0de-2a3de0e7630f,2026-05-24T01:06:43Z,okta_emp_195,Okta,SSOLogin,Success
0dd358c7-ad23-4fa9-a08a-e8df9a42b9d7,2026-05-24T01:20:43Z,okta_emp_104,Okta,ViewDashboard,Success
73cee2cd-41e0-42dd-8db2-4882689683ac,2026-05-24T01:42:43Z,ad_emp_041,AD,ReadShare,Success
853022a9-ad1f-4406-99f6-2f042a93a7df,2026-05-24T02:16:43Z,okta_emp_127,Okta,SSOLogin,Success
ebe77f85-7317-44df-b157-bef87cd4aab2,2026-05-24T05:18:43Z,okta_emp_051,Okta,UpdateProfile,Success
51efba93-bc18-413f-a569-a7c0d860847c,2026-05-24T05:44:43Z,ad_emp_229,AD,Logoff,Success
1c2d1690-5c37-4749-a510-c4c48d67d892,2026-05-24T05:46:43Z,okta_emp_245,Okta,ViewDashboard,Success
852e7429-d073-49b1-88a5-876eed7d946a,2026-05-24T05:49:43Z,ad_emp_052,AD,ReadShare,Success
799e020e-81a4-4268-a6cb-65ba31c200b4,2026-05-24T06:34:43Z,okta_emp_196,Okta,GrantAdminRole,Success
5029568f-3f80-40e4-83bd-e1d9a9917dbc,2026-05-24T06:40:43Z,okta_emp_043,Okta,SSOLogin,Failure
4dcd0258-6169-4f1e-9d95-c152204e6b91,2026-05-24T07:03:43Z,okta_emp_285,Okta,ViewDashboard,Success
25875f84-90d8-4bf0-a791-adc98b3ee537,2026-05-24T11:10:43Z,aws_emp_238,AWS,DescribeEC2Instances,Success
c39391b1-3dde-45d1-923d-884b475237e2,2026-05-24T11:14:43Z,aws_emp_065,AWS,AssumeRole,Success
d902e02c-ab04-4b88-a437-6f3604b2f5d9,2026-05-24T11:22:43Z,ad_emp_292,AD,ChangePassword,Success
f08263e3-ec1d-42f0-be2f-697b161f2a12,2026-05-24T12:33:43Z,ad_emp_287,AD,ChangePassword,Success
c0e2fbbc-1b47-4749-a1ba-1c9d73d3a859,2026-05-24T12:44:43Z,ad_emp_190,AD,ChangePassword,Success
404fce33-3236-4cb2-afda-2cddd622677a,2026-05-24T13:11:43Z,okta_emp_266,Okta,ViewDashboard,Success
c5182104-3789-4210-bcf3-46f6e32781ab,2026-05-24T13:52:43Z,aws_emp_269,AWS,DescribeEC2Instances,Success
55efa887-f19a-4336-8af1-b6d899b333db,2026-05-24T13:55:43Z,aws_emp_180,AWS,ReadS3Bucket,Success
763d060a-a9e9-43d3-877a-81d5d78325fe,2026-05-24T14:22:43Z,ad_emp_283,AD,Login,Success
88f98852-a0f0-475b-a1b1-70d75fef3697,2026-05-24T16:15:43Z,okta_emp_175,Okta,UpdateProfile,Success
208df81a-cc20-4f43-8e89-9914f337482c,2026-05-24T16:49:43Z,ad_emp_038,AD,Login,Success
4bcfcf6f-13da-404e-89c0-428098f8fc82,2026-05-24T17:03:43Z,aws_emp_224,AWS,AssumeRole,Success
64644239-fa75-4a0e-9fa0-affab78c87af,2026-05-24T22:10:43Z,okta_emp_170,Okta,SSOLogin,Success
082413dc-8a60-4d9a-946b-b95703d4f248,2026-05-24T22:35:43Z,ad_emp_133,AD,ReadShare,Success
acbc5ed5-dbbd-45ba-842a-67772c29eb33,2026-05-24T22:50:43Z,okta_emp_171,Okta,UpdateProfile,Success
3bb35e86-d0df-4f81-961f-d062e2f7f711,2026-05-24T23:44:43Z,okta_emp_107,Okta,ViewDashboard,Success
ad6b06bb-ed78-41f0-9e2d-a988c49f64c7,2026-05-25T00:48:43Z,okta_emp_156,Okta,SSOLogin,Success
47ae0d6e-84ae-4ea3-b875-3a01e713cdce,2026-05-25T01:37:43Z,aws_emp_177,AWS,DescribeEC2Instances,Success
108cd752-ecab-4904-8d30-373d994b7c5a,2026-05-25T02:45:43Z,okta_emp_262,Okta,SSOLogin,Success
e4fac06b-1dcf-43d8-8e57-f0fa5206cf91,2026-05-25T03:17:43Z,ad_emp_240,AD,ChangePassword,Success
ffbfd265-5d63-4b33-bfc3-2654144142cf,2026-05-25T05:14:43Z,ad_emp_299,AD,ReadShare,Success
3d7216ef-c8de-4357-a683-3adf111b2649,2026-05-25T05:19:43Z,okta_emp_087,Okta,UpdateProfile,Failure
df1a1c5f-9d01-4e4a-b0f7-fe7fcdeff2ac,2026-05-25T05:47:43Z,aws_emp_149,AWS,AssumeRole,Success
2e2df4e1-9c6b-44ff-a835-6882280c3012,2026-05-25T06:25:43Z,okta_emp_180,Okta,SSOLogin,Success
982c1945-b409-49f0-8f7e-f0076509e5c8,2026-05-25T07:05:43Z,okta_emp_074,Okta,SSOLogin,Success
87b0d40c-396d-496d-b638-719860bddde7,2026-05-25T07:17:43Z,ad_emp_219,AD,ChangePassword,Success
645814d4-2f99-4e9c-a720-86eac0993b2c,2026-05-25T07:53:43Z,ad_emp_070,AD,ReadShare,Success
b8f2fad7-be6c-4fcc-9ecf-b0148b7bf414,2026-05-25T09:51:43Z,aws_emp_146,AWS,DescribeEC2Instances,Success
26633aa8-b036-4a2c-a985-ff7e907efff8,2026-05-25T12:50:43Z,okta_emp_253,Okta,UpdateProfile,Success
c2badab4-eac7-422e-a239-b9d837342f27,2026-05-25T13:17:43Z,ad_emp_276,AD,Login,Success
196bf20f-c90f-4216-bfd8-20e499e2a988,2026-05-25T14:05:43Z,ad_emp_174,AD,Logoff,Success
aeb535bb-6bf9-40f7-8366-e487ec16ba15,2026-05-25T14:14:43Z,ad_emp_287,AD,ReadShare,Success
37e5dc9a-e00f-4cb2-b93b-0203fb78a193,2026-05-25T14:49:43Z,okta_emp_266,Okta,SSOLogin,Success
3d7b5801-8652-4192-a2de-8000c4df2582,2026-05-25T15:17:43Z,okta_emp_158,Okta,ViewDashboard,Success
c22cd8a6-6222-404a-acd9-56b153af88d6,2026-05-25T15:23:43Z,aws_emp_283,AWS,ReadS3Bucket,Success
4eb94d22-eb0c-48d6-843f-12b70bf6aeb1,2026-05-25T15:38:43Z,aws_emp_138,AWS,AssumeRole,Success
fa9f849f-5a11-49cf-b705-365d9d081011,2026-05-25T16:46:43Z,ad_emp_055,AD,ReadShare,Success
51a37c9a-74f1-471a-b25e-fc861a19ea91,2026-05-25T17:29:43Z,okta_emp_092,Okta,UpdateProfile,Success
f77f593c-ddd0-4713-bdf6-a0c5da191787,2026-05-25T18:36:43Z,okta_emp_169,Okta,SSOLogin,Success
f5e7d885-9530-4a83-adf7-799c0ae6e414,2026-05-25T19:25:43Z,okta_emp_272,Okta,ViewDashboard,Success
88143d67-e259-4c89-82c7-6e15526c6210,2026-05-25T20:57:43Z,aws_emp_222,AWS,DescribeEC2Instances,Success
9bcf741f-4351-446a-878a-b003eda3bd31,2026-05-25T21:36:43Z,aws_emp_256,AWS,ReadS3Bucket,Success
3f05e136-567c-4ddc-8792-fd1dc18eb7c9,2026-05-25T22:29:43Z,ad_emp_123,AD,ReadShare,Failure
66ee7d6f-71b6-4fef-97a4-527f94606929,2026-05-25T22:41:43Z,okta_emp_094,Okta,ViewDashboard,Success
a55b04ee-a149-4c1c-b48c-62e72e54654c,2026-05-25T22:47:43Z,ad_emp_144,AD,ChangePassword,Success
c12ac68b-ec24-44ec-92f1-fb3b102185e0,2026-05-25T23:53:43Z,ad_emp_219,AD,ReadShare,Failure
f3eae120-9f30-49ae-8acd-193ea4342788,2026-05-25T23:58:43Z,okta_emp_149,Okta,UpdateProfile,Success
cdf2a204-2af4-47db-8111-533f9416f741,2026-05-26T00:43:43Z,aws_emp_247,AWS,Use_Expired_Token,Success
0710122d-5c60-4969-a7a7-9619d09d312d,2026-05-26T00:56:43Z,aws_emp_022,AWS,DescribeEC2Instances,Success
70260558-aeb1-4174-85c6-31221bd46383,2026-05-26T01:43:43Z,okta_emp_255,Okta,GrantAdminRole,Success
e1f35d30-8b64-4312-8555-6b6a4084212c,2026-05-26T01:50:43Z,okta_emp_045,Okta,GrantAdminRole,Success
e0b0aea7-c597-467e-a7ea-3d1c9c7b1c4a,2026-05-26T02:08:43Z,ad_emp_159,AD,ReadShare,Success
73e8be21-0c73-45d8-a451-1b3674b127f6,2026-05-26T02:45:43Z,aws_emp_285,AWS,ReadS3Bucket,Success
9195f06f-c148-483e-9712-4b8f97f7372f,2026-05-26T03:07:43Z,okta_emp_278,Okta,UpdateProfile,Success
0c344964-8d4d-4676-8f11-d6dc79c735cb,2026-05-26T03:19:43Z,ad_emp_159,AD,ReadShare,Success
4e89137c-c613-4431-9b95-7f130a2a0832,2026-05-26T03:21:43Z,okta_emp_105,Okta,UpdateProfile,Success
733723c6-c9b6-4a45-8ac3-8b0d5acd146f,2026-05-26T04:53:43Z,aws_emp_045,AWS,DescribeEC2Instances,Success
433005d0-1668-432b-961a-778ffedd2921,2026-05-26T04:55:43Z,okta_emp_260,Okta,SSOLogin,Success
e56c7a98-cc42-45ae-bc3a-940caf827988,2026-05-26T05:31:43Z,aws_emp_088,AWS,ReadS3Bucket,Success
49f493ed-fd7f-4b1e-a10f-0bbae27f8af1,2026-05-26T06:21:43Z,okta_emp_150,Okta,UpdateProfile,Success
93276669-a14d-4b7a-80b9-39e5aa01bb28,2026-05-26T09:46:43Z,aws_emp_127,AWS,Anomalous_Mass_S3_Download,Success
01ab7f89-253a-4b6f-bd28-abd5d59aea67,2026-05-26T10:21:43Z,okta_emp_138,Okta,GrantAdminRole,Success
5b64acc6-65ef-402d-ba5a-51e64e7b9df3,2026-05-26T10:22:43Z,okta_emp_118,Okta,SSOLogin,Success
7d6d7978-f46c-459f-a7fe-b238b29a27a4,2026-05-26T10:23:43Z,okta_emp_107,Okta,SSOLogin,Success
df622489-851d-46bd-a16f-9ef63e08fc2c,2026-05-26T11:13:43Z,okta_emp_110,Okta,Impossible_Travel_Login,Success
c24eea46-fc75-4ba8-9289-bd79820a008c,2026-05-26T11:34:43Z,okta_emp_194,Okta,ViewDashboard,Success
1ca34a87-6edb-4748-921e-913c50bfc6b8,2026-05-26T11:40:43Z,ad_emp_150,AD,Login,Success
291ca965-bfdb-444a-b8ed-7417bedd9e19,2026-05-26T12:48:43Z,ad_emp_062,AD,Login,Success
aac3b4ff-d3db-4c79-a5fb-e4cbe1c9ccea,2026-05-26T12:53:43Z,okta_emp_083,Okta,UpdateProfile,Success
58f51731-239e-45d4-bc96-88c00ed58282,2026-05-26T13:05:43Z,aws_emp_150,AWS,DescribeEC2Instances,Success
b3c73b79-6e07-463c-b71a-9451087c256f,2026-05-26T13:59:43Z,ad_emp_249,AD,Login,Success
4e520a58-f957-455d-9221-cefcc5fa3a35,2026-05-26T14:36:43Z,okta_emp_161,Okta,ViewDashboard,Success
1f84bd70-4fb8-459d-a40e-a8ff0cc0b623,2026-05-26T15:06:43Z,ad_emp_180,AD,Login,Success
9b79ed6b-67e3-4296-8c04-7740d67ecbf2,2026-05-26T16:37:43Z,okta_emp_005,Okta,ViewDashboard,Success
2e0d140c-ca51-49ef-a3b2-f5a62caa7db2,2026-05-26T17:13:43Z,aws_emp_147,AWS,CreateRole_HighPriv,Success
1adce92c-548b-4ca7-9cea-cb0167ad62b8,2026-05-26T18:10:43Z,aws_emp_095,AWS,AssumeRole,Success
a2a667a1-6131-43a7-9580-94aa134edcb8,2026-05-26T19:12:43Z,okta_emp_137,Okta,SSOLogin,Success
37afa69a-f0e8-4ee0-bb9b-865f42b293a6,2026-05-26T19:37:43Z,ad_emp_053,AD,Logoff,Success
c813b86c-ec32-47f2-b5b6-970ec6f9aace,2026-05-26T21:48:43Z,okta_emp_298,Okta,UpdateProfile,Success
dd8c182a-d938-4f3e-b79a-f85a92cc079c,2026-05-26T22:49:43Z,aws_emp_281,AWS,DescribeEC2Instances,Success
35174acf-e839-43bc-807c-1d2c6516540f,2026-05-26T22:58:43Z,aws_emp_099,AWS,AssumeRole,Success
fe9cc4c2-de10-46d1-8f94-9df00c2df737,2026-05-26T23:17:43Z,okta_emp_097,Okta,UpdateProfile,Success
56c4bf94-3b21-4f9a-99e3-925e32d58db0,2026-05-27T02:00:43Z,aws_emp_059,AWS,AssumeRole,Success
c1a805fd-8897-47d3-bfaf-4d473638f866,2026-05-27T03:12:43Z,aws_emp_164,AWS,AssumeRole,Success
1dbb80cc-3944-4bc4-a2f0-ccb015f4a227,2026-05-27T03:41:43Z,okta_emp_150,Okta,UpdateProfile,Success
0c9b62e6-019c-4313-a420-249d7cb55a31,2026-05-27T03:45:43Z,aws_emp_164,AWS,ReadS3Bucket,Success
c2329274-3f86-4fde-af26-cba21fe51e3e,2026-05-27T03:59:43Z,okta_emp_124,Okta,ViewDashboard,Success
6f21c433-fd68-4757-b2d1-6fe72688f28e,2026-05-27T04:59:43Z,okta_emp_220,Okta,UpdateProfile,Success
73cbc688-5ae0-4575-8cb6-87a2e45c7201,2026-05-27T04:59:43Z,aws_emp_126,AWS,ReadS3Bucket,Success
fcd21b32-9400-4fbd-813c-9a43b020a3f8,2026-05-27T05:34:43Z,ad_emp_190,AD,ReadShare,Success
44fc1aa0-ede3-44aa-aaa9-d08e33d2941e,2026-05-27T05:56:43Z,okta_emp_201,Okta,SSOLogin,Success
afe2499f-c002-4f4c-bca1-89a79bf4d3d4,2026-05-27T06:41:43Z,ad_emp_124,AD,Logoff,Success
137c0ed8-25be-451a-a196-541e3d65034d,2026-05-27T07:03:43Z,okta_emp_001,Okta,ViewDashboard,Success
2fda030f-f660-4c25-ace0-b95434e9a919,2026-05-27T07:42:43Z,okta_emp_274,Okta,SSOLogin,Success
a6d634e0-8f88-42c7-b012-beb3f70b82ec,2026-05-27T08:36:43Z,okta_emp_189,Okta,SSOLogin,Success
df4534a3-61c0-4ed3-a03f-914e1007c443,2026-05-27T08:40:43Z,ad_emp_285,AD,Logoff,Success
a83a1adc-7352-44ff-b4db-33858ce6906e,2026-05-27T08:45:43Z,ad_emp_090,AD,Logoff,Success
7bbaee15-9515-41ae-932f-b5db2cf392f9,2026-05-27T08:48:43Z,ad_emp_291,AD,ChangePassword,Success
0bf71eaf-f253-4058-9163-d6218a953f67,2026-05-27T09:38:43Z,aws_emp_188,AWS,Anomalous_Mass_S3_Download,Success
6e0a404a-da51-4036-bc5f-7e98913ab432,2026-05-27T10:09:43Z,okta_emp_030,Okta,UpdateProfile,Success
e0d3bbf6-7df3-4993-b523-e0df095de433,2026-05-27T10:42:43Z,okta_emp_154,Okta,ViewDashboard,Success
f0e79f92-8309-4844-8ed2-643ca53a7436,2026-05-27T14:13:43Z,okta_emp_283,Okta,UpdateProfile,Success
1dd65ab1-94e3-4833-92f5-44ad2bcc3ec9,2026-05-27T14:43:43Z,aws_emp_090,AWS,DescribeEC2Instances,Success
3652b933-f724-4b55-8b92-1ff87b607a5a,2026-05-27T17:04:43Z,ad_emp_120,AD,ChangePassword,Success
7f5f0f6d-a3cd-4478-966f-dbe82e79a7d8,2026-05-27T17:32:43Z,ad_emp_225,AD,ReadShare,Success
13fb57b8-773f-4c0a-85d0-a1c7a29427ad,2026-05-27T17:44:43Z,aws_emp_139,AWS,AssumeRole,Success
46934f5e-75a3-4088-a43e-64354e496dc7,2026-05-27T17:49:43Z,okta_emp_283,Okta,SSOLogin,Success
2b66433f-3eef-4b70-a7bb-578f3c4b1b7c,2026-05-27T18:01:43Z,ad_emp_297,AD,Login,Success
f3b5ce31-3de4-4ad4-ac6e-bc9ac6d94b2b,2026-05-27T18:03:43Z,ad_emp_156,AD,Login,Success
bba45332-581f-436a-98c7-46232cc3ee9e,2026-05-27T19:04:43Z,ad_emp_253,AD,ChangePassword,Success
b0b8de7d-aa73-4e7a-940c-dc42c4f8f809,2026-05-27T19:44:43Z,ad_emp_199,AD,AddUserToGroup_DomainAdmins,Success
7970639b-b012-40e2-aee0-2a1a53a98ccf,2026-05-27T21:04:43Z,ad_emp_062,AD,ReadShare,Success
d49bbf3d-2344-465c-b60c-1c4d21c8c0cf,2026-05-27T21:08:43Z,aws_emp_052,AWS,ReadS3Bucket,Success
9a47a055-b329-440e-85d1-4c71bd61a6f5,2026-05-27T23:00:43Z,ad_emp_274,AD,Login,Success
d44cfd53-80d4-4f2a-82b4-0cc759230108,2026-05-27T23:29:43Z,okta_emp_029,Okta,SSOLogin,Success
2681a32e-1585-407f-b2de-d35884d2f1ed,2026-05-27T23:30:43Z,ad_emp_225,AD,Logoff,Success
08cd2dde-3dc7-40e3-9554-53c5809246a8,2026-05-28T00:16:43Z,ad_emp_108,AD,ReadShare,Success
932b290d-c167-41b5-bb7c-e8cd3c6958fa,2026-05-28T02:00:43Z,okta_emp_208,Okta,ViewDashboard,Success
bed40d2d-a887-4659-bc90-653a9cc88bec,2026-05-28T02:11:43Z,ad_emp_111,AD,Logoff,Success
612285bb-1e68-473b-9bf7-55c72bc6aca7,2026-05-28T04:46:43Z,aws_emp_295,AWS,DescribeEC2Instances,Success
3d7b415a-273d-4b42-a5a4-27e58506959e,2026-05-28T06:11:43Z,okta_emp_285,Okta,ViewDashboard,Success
d20b53bd-9a6c-4cd0-a9dd-cbf8c0aff1d3,2026-05-28T08:10:43Z,ad_emp_184,AD,ChangePassword,Success
b259b568-e987-4df2-97c4-629308e82e33,2026-05-28T08:52:43Z,okta_emp_235,Okta,Impossible_Travel_Login,Success
2a54de50-7d09-4e4c-b7f1-e19cc50d0d39,2026-05-28T08:53:43Z,aws_emp_087,AWS,DescribeEC2Instances,Success
5a679f5b-e45f-412c-8075-043a4001ac69,2026-05-28T09:44:43Z,aws_emp_284,AWS,DescribeEC2Instances,Success
56c1c692-e38f-4373-b092-6dcdd51208bf,2026-05-28T10:33:43Z,aws_emp_116,AWS,ReadS3Bucket,Success
00e0f3fb-f6ec-4763-9f5c-9b757c0ce83b,2026-05-28T10:46:43Z,okta_emp_279,Okta,SSOLogin,Success
e7f0a273-303d-4208-a1b0-b87154f4dda9,2026-05-28T11:29:43Z,ad_emp_274,AD,Login,Success
cf6ac9fc-8a45-448b-829f-e77f7f89e52d,2026-05-28T14:31:43Z,okta_emp_157,Okta,SSOLogin,Success
bb432d67-12fa-465c-8bf4-31ff80c461e2,2026-05-28T14:33:43Z,okta_emp_234,Okta,ViewDashboard,Success
2dd7ec74-ebd6-4cb4-97f9-21422519cd96,2026-05-28T16:07:43Z,okta_emp_048,Okta,UpdateProfile,Success
d8e8a2ff-f0c4-4aad-b079-0e24486a2e58,2026-05-28T17:34:43Z,ad_emp_095,AD,ReadShare,Success
65a9eca6-1be5-4242-9d60-c540a7f5e9b1,2026-05-28T19:37:43Z,okta_emp_023,Okta,ViewDashboard,Success
d31434e4-a56a-49ad-9a2b-216e3db0041a,2026-05-28T20:29:43Z,ad_emp_245,AD,Login,Success
66c35694-5d82-44b9-8f33-1002b37e64fe,2026-05-28T20:45:43Z,aws_emp_016,AWS,AssumeRole,Success
1da15742-3f88-40e4-9872-18d63fb41bd5,2026-05-28T21:27:43Z,aws_emp_202,AWS,ReadS3Bucket,Success
84ea49f7-15a4-45b2-a914-33d2ebd68464,2026-05-28T23:25:43Z,okta_emp_101,Okta,SSOLogin,Success
f76adfb3-938c-43a4-9b29-14b9273539aa,2026-05-29T00:25:43Z,okta_emp_214,Okta,UpdateProfile,Success
555a3016-c2ca-4b25-bb62-7a03240251fb,2026-05-29T01:09:43Z,aws_emp_053,AWS,Anomalous_Mass_S3_Download,Success
b2d1791d-3dd4-4933-82aa-1fff128671db,2026-05-29T01:32:43Z,ad_emp_150,AD,Logoff,Success
d76f3169-3dcc-4b24-b9b3-a4a7e04c531e,2026-05-29T02:35:43Z,aws_emp_105,AWS,ReadS3Bucket,Success
93c56bc0-20ab-4871-8095-d03dad077844,2026-05-29T05:30:43Z,aws_emp_069,AWS,ReadS3Bucket,Success
2070d8ba-9bba-40ae-a25d-edd39f9d8683,2026-05-29T06:15:43Z,ad_emp_212,AD,ChangePassword,Success
5dc0e5c0-f8c5-490f-a5e0-e13c73fa6234,2026-05-29T06:38:43Z,aws_emp_045,AWS,AssumeRole,Success
d508ac22-ca18-466a-8dda-48842ef06099,2026-05-29T09:36:43Z,okta_emp_096,Okta,UpdateProfile,Success
94a90dee-73db-4f05-90e4-586bff404784,2026-05-29T10:27:43Z,aws_emp_139,AWS,AssumeRole,Success
99bb0a46-d32e-482c-99bd-e6cebc720ede,2026-05-29T11:18:43Z,okta_emp_261,Okta,UpdateProfile,Success
c9b49aae-b439-42cd-a6b4-ce1226d4299c,2026-05-29T13:22:43Z,aws_emp_300,AWS,DescribeEC2Instances,Success
5ac1526e-cdb8-4b1c-8cd3-a813e4c70106,2026-05-29T14:39:43Z,aws_emp_133,AWS,AssumeRole,Success
c431011d-9fd5-4407-a9c5-5c08272c3d2b,2026-05-29T15:40:43Z,ad_emp_151,AD,Login,Success
6eb695cb-3d5a-48a9-879d-2c76d68efded,2026-05-29T16:33:43Z,ad_emp_298,AD,Logoff,Success
d7cbfbe6-0416-48b3-aa40-2b46877c4c19,2026-05-29T18:34:43Z,aws_emp_035,AWS,AssumeRole,Success
122177ac-c055-4d17-8ea4-3b39527862ff,2026-05-29T21:55:43Z,okta_emp_207,Okta,UpdateProfile,Success
b8441d66-1bb7-45fd-99b8-ad42eef259c2,2026-05-30T00:16:43Z,aws_emp_073,AWS,AttachUserPolicy_AdministratorAccess,Success
c01067a0-6f28-4369-b9eb-c45b93186f82,2026-05-30T00:49:43Z,ad_emp_254,AD,ChangePassword,Success
213752c2-4cb1-4158-86fb-1d537fafe9a7,2026-05-30T01:38:43Z,okta_emp_227,Okta,UpdateProfile,Success
4ac68c6c-c1d8-4dc6-a70a-7e3e519d190e,2026-05-30T01:42:43Z,okta_emp_291,Okta,UpdateProfile,Success
5a6520fb-6e80-4c2a-a289-e1468b20ebc7,2026-05-30T02:28:43Z,ad_emp_071,AD,ChangePassword,Success
34739434-fe2b-4796-bec3-5fedcdd2c073,2026-05-30T02:45:43Z,ad_emp_243,AD,Logoff,Success
66e2d093-fb91-45b0-a346-48c5fb2bd075,2026-05-30T02:57:43Z,okta_emp_141,Okta,SSOLogin,Success
5fbc555a-6b13-41ee-9e2f-31c841e69ddd,2026-05-30T03:45:43Z,aws_emp_104,AWS,DescribeEC2Instances,Success
b033ac4b-7790-4557-a29a-cbb9f9c24283,2026-05-30T04:01:43Z,aws_emp_123,AWS,DescribeEC2Instances,Success
41582109-d223-4423-a7f5-cf723904da3e,2026-05-30T04:02:43Z,aws_emp_149,AWS,DescribeEC2Instances,Success
abd954ca-f069-4d2e-92f3-5a54cce4acdb,2026-05-30T04:20:43Z,okta_emp_242,Okta,UpdateProfile,Success
ca303e1b-9ef4-428e-83fe-54ba0a79d594,2026-05-30T05:37:43Z,okta_emp_164,Okta,SSOLogin,Success
514e0e57-e46b-429b-8571-b1ecd4fd3f3e,2026-05-30T08:03:43Z,aws_emp_256,AWS,AssumeRole,Success
c507ff56-bdaf-475b-b851-2a3ba5d21234,2026-05-30T08:27:43Z,ad_emp_286,AD,ReadShare,Success
5b1f18a2-45b9-4753-9500-483aaefd2135,2026-05-30T11:17:43Z,okta_emp_041,Okta,SSOLogin,Success
9bdb769f-d21c-4aae-ae94-352f8b16ed06,2026-05-30T12:26:43Z,ad_emp_057,AD,Logoff,Success
286872de-f2d4-457b-9dff-d98911de04d9,2026-05-30T12:38:43Z,okta_emp_141,Okta,ViewDashboard,Success
2a406a9f-9c40-405d-96fb-d298257e0263,2026-05-30T12:58:43Z,okta_emp_268,Okta,SSOLogin,Success
3f933109-43c7-4dfc-a33a-30ac29900cdc,2026-05-30T13:30:43Z,aws_emp_269,AWS,DescribeEC2Instances,Success
bf559b58-4049-49d9-9738-bf31c10c8590,2026-05-30T17:44:43Z,aws_emp_101,AWS,AssumeRole,Success
31bbf7f5-575e-4758-8c0b-44979c84bd59,2026-05-30T18:04:43Z,ad_emp_285,AD,Logoff,Success
d736e966-0361-406a-9729-60dc23044790,2026-05-30T18:12:43Z,aws_emp_037,AWS,AttachUserPolicy_AdministratorAccess,Success
70183f98-d9f5-49e4-b340-579d4812e071,2026-05-30T18:34:43Z,aws_emp_160,AWS,AssumeRole,Success
1c5c9686-5a4d-431c-a148-111d1a05d55f,2026-05-30T20:15:43Z,aws_emp_080,AWS,AssumeRole,Success
9905dd47-5150-42de-9a2d-75f22c8e1170,2026-05-30T21:07:43Z,aws_emp_173,AWS,DescribeEC2Instances,Success
b808266d-5a29-4e97-90f6-a98ec9bd6e59,2026-05-30T22:09:43Z,ad_emp_170,AD,ChangePassword,Success
ee9d43ad-718c-46f0-a20f-9e4735b9b3c4,2026-05-31T00:40:43Z,okta_emp_089,Okta,ViewDashboard,Success
83fd17f4-b822-4f4a-b541-f3ac60632bc9,2026-05-31T01:49:43Z,ad_emp_228,AD,ChangePassword,Success
9c3a5f03-0bc1-4540-9ae2-ef142d5ae26e,2026-05-31T01:53:43Z,aws_emp_231,AWS,ReadS3Bucket,Failure
cdc3d22c-f79e-4588-a843-153d77604c9d,2026-05-31T01:54:43Z,aws_emp_124,AWS,ReadS3Bucket,Success
76bae088-e18a-4001-a6c4-d0162fdb7da6,2026-05-31T03:10:43Z,aws_emp_280,AWS,API_Call_From_Suspicious_IP,Success
4b17c2b0-3eb0-4f3d-a517-396078a1a7de,2026-05-31T04:51:43Z,aws_emp_256,AWS,DescribeEC2Instances,Success
c7f6ea7a-5b39-41ed-af0d-ed3230947e14,2026-05-31T05:08:43Z,okta_emp_120,Okta,GrantAdminRole,Success
d4598aaf-015b-4d2e-a4ca-dfbcbfab3f84,2026-05-31T06:13:43Z,okta_emp_116,Okta,Impossible_Travel_Login,Success
316aca13-6fe9-4c44-99a1-e38eb2bc5a3c,2026-05-31T06:17:43Z,ad_emp_121,AD,Login,Success
b50d124b-1ac9-47f6-b36f-44ff349ec534,2026-05-31T07:06:43Z,okta_emp_284,Okta,SSOLogin,Success
18d396d2-b81c-4cca-932e-2c6f79e59bfc,2026-05-31T07:07:43Z,okta_emp_292,Okta,ViewDashboard,Success
bffc0c08-5a6d-4814-9d15-9c09148cbce0,2026-05-31T07:33:43Z,okta_emp_261,Okta,UpdateProfile,Success
be1ba228-ec45-4188-afd5-58b943631f6b,2026-05-31T07:49:43Z,ad_emp_234,AD,Logoff,Success
1378e924-7a45-41a7-af66-b4c2d541b2c5,2026-05-31T08:04:43Z,okta_emp_086,Okta,UpdateProfile,Failure
12a1ed21-7839-43ee-b95a-bc1ac028c96c,2026-05-31T08:15:43Z,aws_emp_180,AWS,ReadS3Bucket,Success
e2b0efc3-b0bb-49e5-8c95-55ac129b5df6,2026-05-31T09:56:43Z,ad_emp_151,AD,ReadShare,Success
5f8ae933-0bbd-4670-8df3-d2b148d48459,2026-05-31T10:18:43Z,aws_emp_156,AWS,AssumeRole,Success
de5058e7-5829-4504-a71c-bff37efc340d,2026-05-31T10:35:43Z,ad_emp_150,AD,ChangePassword,Success
a8438f4b-247b-4bea-9baa-6c08830deeb1,2026-05-31T11:36:43Z,aws_emp_086,AWS,ReadS3Bucket,Success
06f61d51-1c08-4b86-9bd2-3cf6811f3990,2026-05-31T11:49:43Z,ad_emp_191,AD,Logoff,Success
f11544d5-00c2-4811-9044-f730207163f9,2026-05-31T12:50:43Z,ad_emp_123,AD,Logoff,Success
e0fbdfb9-7ef9-41cd-8212-ff28dd46faf8,2026-05-31T13:34:43Z,aws_emp_137,AWS,ReadS3Bucket,Success
09449821-049e-4c6f-9e22-bf4fea70535a,2026-05-31T14:45:43Z,ad_emp_149,AD,Logoff,Success
43f32dd9-97e2-4529-a03e-b5896a6c40c3,2026-05-31T15:36:43Z,okta_emp_271,Okta,SSOLogin,Success
6be3b564-1346-40cf-9009-24021b44be78,2026-05-31T16:16:43Z,okta_emp_256,Okta,UpdateProfile,Failure
e7dd7877-05a9-4856-bfe0-f19944cfa6d1,2026-05-31T16:42:43Z,okta_emp_262,Okta,Impossible_Travel_Login,Success
912ab755-212e-4a7e-abce-779ab50adf03,2026-05-31T19:46:43Z,okta_emp_071,Okta,UpdateProfile,Success
e980b33a-c0cf-4d0e-b5f6-0fe6c3a86319,2026-05-31T19:55:43Z,okta_emp_152,Okta,ViewDashboard,Success
e0118e0b-7a27-4dcc-9bdd-c1dec1828b64,2026-05-31T19:56:43Z,okta_emp_002,Okta,SSOLogin,Success
89de9c1a-c359-46f6-bffb-e77a07891b08,2026-05-31T21:46:43Z,ad_emp_134,AD,ReadShare,Failure
5450bd9f-f561-4bf5-9d63-6e06bf340e79,2026-05-31T22:02:43Z,aws_emp_072,AWS,AssumeRole,Success
1eed6294-9e11-4a3c-a93f-ba9107561ba8,2026-05-31T23:04:43Z,okta_emp_083,Okta,SSOLogin,Success
9dc28373-40f4-469a-8bdf-c5a783f56a60,2026-05-31T23:34:43Z,ad_emp_125,AD,ChangePassword,Success
7fd10eb0-30c9-4685-bd4c-bf3c6ea1eedc,2026-06-01T00:14:43Z,ad_emp_149,AD,ChangePassword,Success
88f8406f-202f-43ca-b53a-eff8a2260bee,2026-06-01T00:15:43Z,okta_emp_201,Okta,ViewDashboard,Success
9428c42f-97f4-4524-8e54-5ec51929b1d3,2026-06-01T01:47:43Z,okta_emp_115,Okta,UpdateProfile,Success
4934560f-4dea-4ed2-8a5b-bee628567686,2026-06-01T02:36:43Z,ad_emp_198,AD,Login,Success
7f5c82d4-3a82-4a47-bb16-0148223a7fb4,2026-06-01T04:01:43Z,okta_emp_006,Okta,ViewDashboard,Success
22c6f116-0496-4295-aa71-3d4253204f38,2026-06-01T05:15:43Z,aws_emp_206,AWS,ReadS3Bucket,Success
01aeadaa-1df3-4813-9ac2-b3f47e8eb11d,2026-06-01T05:17:43Z,aws_emp_238,AWS,DescribeEC2Instances,Success
5bc27be9-aff6-4621-aab7-6ec56ef4b3de,2026-06-01T06:31:43Z,ad_emp_126,AD,ChangePassword,Success
8aebf5f0-f561-405d-a6f8-01b934f9fb31,2026-06-01T08:11:43Z,ad_emp_085,AD,Login,Success
1056ca22-da83-4b46-9e72-32926f3dd575,2026-06-01T09:11:43Z,okta_emp_003,Okta,SSOLogin,Success
6ff7ccaf-f28b-4076-a236-6864d883b536,2026-06-01T09:18:43Z,okta_emp_165,Okta,SSOLogin,Success
1970d63e-0335-4df8-9e35-7f5814683024,2026-06-01T11:00:43Z,ad_emp_129,AD,Logoff,Success
d7ac6028-8ed6-4c81-965b-7b0c7519b804,2026-06-01T12:25:43Z,ad_emp_037,AD,ChangePassword,Success
3eceee14-4fb1-40c2-a1da-516e4ba91edd,2026-06-01T13:57:43Z,okta_emp_080,Okta,ViewDashboard,Failure
91e2d268-172d-4c5c-a8c1-5bde44e08653,2026-06-01T14:04:43Z,okta_emp_131,Okta,SSOLogin,Success
5be0a449-c8ba-4434-b2aa-5f1419dd6076,2026-06-01T16:36:43Z,aws_emp_227,AWS,ReadS3Bucket,Success
ca118a52-5711-43fc-8e3a-d24aa86e190d,2026-06-01T18:02:43Z,ad_emp_070,AD,Login,Success
23146957-7328-4787-9da3-5d3503642b04,2026-06-01T20:17:43Z,aws_emp_080,AWS,AssumeRole,Success
e592ce5e-2675-4421-897f-29ceaa8d5e6b,2026-06-01T23:19:43Z,ad_emp_147,AD,Logoff,Success
2fc99f97-f1ce-48cf-a378-ffc093622e93,2026-06-01T23:26:43Z,okta_emp_201,Okta,ViewDashboard,Failure
c428333e-5da0-41e7-8209-6c5ffd857f96,2026-06-02T00:02:43Z,aws_emp_148,AWS,DescribeEC2Instances,Success
4740dcd6-d685-44c5-94bb-9b5b7a644a35,2026-06-02T00:04:43Z,ad_emp_084,AD,AddUserToGroup_DomainAdmins,Success
cef6fe03-2fbb-4e52-9c36-d5c23318b538,2026-06-02T00:32:43Z,aws_emp_132,AWS,DescribeEC2Instances,Success
24534d7f-55bb-44a0-bbd0-39b396dd86c1,2026-06-02T00:58:43Z,aws_emp_246,AWS,DescribeEC2Instances,Success
478615b7-1a87-4049-a1c9-87f81099e458,2026-06-02T00:59:43Z,okta_emp_050,Okta,UpdateProfile,Success
b9577609-7141-4741-aed3-6c55210ff6c5,2026-06-02T01:01:43Z,aws_emp_225,AWS,AssumeRole,Success
b123dd00-74b2-4b4c-a4f0-bb1469dfd69b,2026-06-02T01:10:43Z,aws_emp_203,AWS,AssumeRole,Success
332797c7-e48b-42ae-9ca8-7f9d0772a5ec,2026-06-02T01:20:43Z,okta_emp_090,Okta,ViewDashboard,Success
afdf019f-253d-42c1-a4f1-c4e4aafdba06,2026-06-02T02:22:43Z,aws_emp_011,AWS,DescribeEC2Instances,Success
4f2167c7-b4c8-4173-934f-f6b430d37712,2026-06-02T03:07:43Z,aws_emp_292,AWS,AssumeRole,Success
297d58fd-4f8d-4efb-8373-c971a520171e,2026-06-02T03:09:43Z,okta_emp_180,Okta,GrantAdminRole,Success
df66f3c1-7299-4585-bda9-95262ba7bbe0,2026-06-02T04:39:43Z,ad_emp_199,AD,ChangePassword,Success
43c95c78-1069-46a7-935f-3392d9da589c,2026-06-02T05:01:43Z,ad_emp_273,AD,Logoff,Success
a8816c5f-2dba-4351-a595-5459b84f38d7,2026-06-02T06:33:43Z,okta_emp_037,Okta,Login_From_New_Country,Success
21eba4eb-2ddc-4bad-afce-8aaef4b1a77a,2026-06-02T07:46:43Z,okta_emp_268,Okta,UpdateProfile,Success
3ccd42ae-9195-4fa7-a18d-5c177c7ff3a9,2026-06-02T09:38:43Z,ad_emp_300,AD,ChangePassword,Success
4160b769-a0b7-470f-97c7-01d5486ff5c4,2026-06-02T10:23:43Z,ad_emp_207,AD,ChangePassword,Success
e262c6d2-fc69-420d-951c-50ef3429da5e,2026-06-02T10:39:43Z,okta_emp_173,Okta,SSOLogin,Success
742dfe87-408d-4a0c-a5b0-ced5a6f57ba3,2026-06-02T10:51:43Z,ad_emp_184,AD,ChangePassword,Success
129ccdbe-115d-48a7-8a16-57e86e1e34f3,2026-06-02T10:54:43Z,ad_emp_196,AD,Login,Success
ade09412-43ec-4332-8fc2-1fee885b6191,2026-06-02T12:10:43Z,okta_emp_115,Okta,ViewDashboard,Success
3181cfe2-72e9-4864-b1f5-2b521fbd96cf,2026-06-02T12:44:43Z,okta_emp_005,Okta,Login_From_New_Country,Success
8169869f-f63d-462e-bc3b-ce0879f64c9b,2026-06-02T12:46:43Z,ad_emp_209,AD,Login,Success
1ec78a4b-d300-4316-8a96-de0aa8847099,2026-06-02T13:11:43Z,ad_emp_250,AD,ReadShare,Success
0b7c9b75-49f5-4e68-8abb-32bcfd66a312,2026-06-02T14:39:43Z,ad_emp_078,AD,Login,Success
b032281b-be93-4446-950a-b9a1b1088e15,2026-06-02T15:17:43Z,ad_emp_296,AD,ChangePassword,Success
174c0645-1665-404a-8af8-424ca6e30cbe,2026-06-02T16:00:43Z,okta_emp_233,Okta,ViewDashboard,Success
58d4783e-b519-4ad6-8f1a-d4e5f619a37d,2026-06-02T17:16:43Z,aws_emp_091,AWS,CreateRole_HighPriv,Success
eec5f55e-a7d1-45fe-aaf1-2b921861f5a2,2026-06-02T18:09:43Z,okta_emp_059,Okta,ViewDashboard,Success
c64ba11c-b366-4d70-9450-50e3c1e5fd19,2026-06-02T20:19:43Z,ad_emp_232,AD,Login,Success
abbbd212-e71b-4df9-9255-c8948aa2b53c,2026-06-02T20:20:43Z,ad_emp_296,AD,Logoff,Success
ae357638-822c-4da8-9d67-a63a5bdc2d64,2026-06-02T22:01:43Z,aws_emp_052,AWS,ReadS3Bucket,Success
d87f26a6-4503-4205-8558-126630a85222,2026-06-02T23:46:43Z,okta_emp_203,Okta,Login_From_New_Country,Success
9246c3fa-e9dd-4d17-92a0-1e7466151e9a,2026-06-03T00:15:43Z,ad_emp_244,AD,Logoff,Success
a4b1c62a-1609-47e7-9b13-6f3a2856a22b,2026-06-03T00:58:43Z,ad_emp_190,AD,ChangePassword,Success
6ec68abb-e95f-480a-9816-ae668ced58e6,2026-06-03T01:51:43Z,aws_emp_085,AWS,ReadS3Bucket,Success
d0d2dcfa-4e87-43c4-886c-2658060ceedd,2026-06-03T02:10:43Z,aws_emp_078,AWS,DescribeEC2Instances,Success
e5fbcdc3-f7e2-45bb-9345-c4bb00351611,2026-06-03T03:34:43Z,aws_emp_228,AWS,ReadS3Bucket,Success
225125c5-736a-4ffa-96a2-8252396afcb5,2026-06-03T03:59:43Z,aws_emp_252,AWS,ReadS3Bucket,Success
2e4f9552-d7b1-4e77-aa24-f33ec2d3305d,2026-06-03T04:03:43Z,aws_emp_046,AWS,AssumeRole,Success
ed175c2b-6c65-4a07-887b-83cbabbfb30b,2026-06-03T04:15:43Z,okta_emp_061,Okta,SSOLogin,Success
78df6a61-561b-4ce0-9e88-3d9a0b8d3405,2026-06-03T04:38:43Z,okta_emp_069,Okta,UpdateProfile,Success
62425587-da97-4614-8577-e67240e70d9d,2026-06-03T06:35:43Z,aws_emp_238,AWS,DescribeEC2Instances,Success
f20dcb78-fa4f-4ebc-b998-4c7fb9e86276,2026-06-03T07:01:43Z,ad_emp_107,AD,ChangePassword,Success
2b7f2a1f-394e-4e5d-999d-18d486ab9e1e,2026-06-03T08:40:43Z,ad_emp_081,AD,ChangePassword,Success
d99a770b-e5c9-45ab-b947-1231a165c9aa,2026-06-03T09:54:43Z,okta_emp_237,Okta,UpdateProfile,Success
ce1be8b5-122b-44b1-9fec-752046f3e322,2026-06-03T10:51:43Z,aws_emp_192,AWS,ReadS3Bucket,Success
440fd069-6d21-46da-8da7-003893c869ce,2026-06-03T11:50:43Z,okta_emp_291,Okta,UpdateProfile,Success
2300a406-c657-4e97-a281-795346dc9b00,2026-06-03T15:55:43Z,aws_emp_052,AWS,DescribeEC2Instances,Success
18e495f1-0404-4949-9297-939bfba3f625,2026-06-03T15:58:43Z,okta_emp_217,Okta,ViewDashboard,Failure
baf2587a-b566-44cf-bad0-cc78ae0b04a6,2026-06-03T16:29:43Z,aws_emp_197,AWS,AssumeRole,Success
eae2dfcb-b0e9-4d3b-bb16-9aadbaa6a99b,2026-06-03T16:53:43Z,aws_emp_075,AWS,ReadS3Bucket,Success
47244507-364f-4f84-9957-e0c6da9e7f0a,2026-06-03T17:42:43Z,aws_emp_212,AWS,AssumeRole,Success
8dd2ac0c-c283-4fe5-93fc-91466c2ad5dc,2026-06-03T19:43:43Z,okta_emp_214,Okta,GrantAdminRole,Success
7250a6e5-2062-405d-b626-fdd87dddd3bb,2026-06-03T20:02:43Z,okta_emp_288,Okta,ViewDashboard,Success
9c357e73-b06a-40c5-9ad4-75dcf952abd4,2026-06-03T20:30:43Z,aws_emp_095,AWS,DescribeEC2Instances,Failure
2ad90101-432d-4b24-bc80-64240beb3abf,2026-06-03T20:44:43Z,okta_emp_005,Okta,SSOLogin,Success
4ae57ac7-6ad2-4377-a046-4ccf9f6e7f06,2026-06-03T20:48:43Z,aws_emp_205,AWS,DescribeEC2Instances,Success
903a334e-0891-4fa7-b069-40f9eaeb2208,2026-06-03T22:10:43Z,ad_emp_100,AD,Logoff,Success
f5713461-9c0c-487d-bc63-fea892d5bc92,2026-06-03T22:16:43Z,okta_emp_237,Okta,Login_From_New_Country,Success
e2292bb0-3668-4ea5-9fc6-1b7bbce78fce,2026-06-03T22:41:43Z,ad_emp_131,AD,ChangePassword,Failure
b2646f99-6ce4-4c70-9b96-07f7c701b13b,2026-06-03T22:52:43Z,aws_emp_280,AWS,API_Call_From_Suspicious_IP,Success
fe6c2181-95f9-46ec-8d6b-b53306a3b807,2026-06-04T00:39:43Z,okta_emp_212,Okta,ViewDashboard,Success
e812c3ce-89fb-487b-b5a0-67c7e5ac6f86,2026-06-04T01:04:43Z,aws_emp_202,AWS,DescribeEC2Instances,Failure
70707976-4508-4594-a24a-b46c16ef551d,2026-06-04T02:41:43Z,ad_emp_092,AD,Login,Success
8457573e-3c1d-4a66-bb09-0f589c607455,2026-06-04T03:45:43Z,aws_emp_253,AWS,ReadS3Bucket,Success
5522c222-3731-43aa-80ca-880da7b1fdc3,2026-06-04T06:17:43Z,okta_emp_286,Okta,UpdateProfile,Success
8398d982-1de4-4bcf-bb07-d51bea6215d2,2026-06-04T06:55:43Z,aws_emp_252,AWS,AssumeRole,Success
0d7ee672-a0f8-4a76-9608-8839c3167564,2026-06-04T07:10:43Z,ad_emp_222,AD,ReadShare,Success
c5060d96-2c33-4171-bc84-7b9a33a52c7d,2026-06-04T07:56:43Z,okta_emp_010,Okta,Login_From_New_Country,Success
a8fce4c3-41c2-4f91-9596-7d96a6b0895a,2026-06-04T08:20:43Z,aws_emp_263,AWS,AssumeRole,Success
20544523-56b2-47d8-a767-d91b158d51b1,2026-06-04T14:06:43Z,ad_emp_209,AD,ReadShare,Success
4d23f751-c021-46b9-bdef-8361160bbaa7,2026-06-04T14:53:43Z,aws_emp_235,AWS,ReadS3Bucket,Success
d26ede4c-71d0-483d-b3aa-2966d4298a30,2026-06-04T15:30:43Z,okta_emp_291,Okta,GrantAdminRole,Success
f721f429-0a90-45ab-ba57-e86a3bb4517d,2026-06-04T16:57:43Z,ad_emp_117,AD,Logoff,Failure
e836e626-66aa-46e0-9e6e-1208949520f2,2026-06-04T18:18:43Z,aws_emp_193,AWS,ReadS3Bucket,Success
ddafff36-b3d0-49e0-9a20-31854612cae6,2026-06-04T20:16:43Z,ad_emp_247,AD,ReadShare,Success
797883ca-2e9f-40e2-a596-f0f8fd1e713b,2026-06-04T20:53:43Z,aws_emp_202,AWS,AssumeRole,Success
80caae7f-ec41-402b-9b71-eef6195d0569,2026-06-04T21:29:43Z,okta_emp_067,Okta,SSOLogin,Success
7f2fa2a1-8561-4f8b-a4b8-48281b9b86ef,2026-06-04T22:10:43Z,aws_emp_196,AWS,DescribeEC2Instances,Success
d0ce16aa-9632-4032-92dd-b53435c5f604,2026-06-04T23:28:43Z,okta_emp_263,Okta,UpdateProfile,Success
89104d85-abe7-43b5-aa59-d9105f675f6c,2026-06-05T00:09:43Z,okta_emp_078,Okta,SSOLogin,Success
c9dd4db0-a72c-4c9b-b855-be67d3fbeb56,2026-06-05T00:11:43Z,okta_emp_142,Okta,SSOLogin,Success
a71d2b28-5fea-4490-a7d6-bdc4974881be,2026-06-05T00:22:43Z,aws_emp_274,AWS,DescribeEC2Instances,Success
b5c50668-c12e-4266-a89f-1867be8e7924,2026-06-05T00:54:43Z,ad_emp_109,AD,Login,Success
e4a86d00-0934-4854-9a59-351f524d203e,2026-06-05T01:19:43Z,aws_emp_054,AWS,DescribeEC2Instances,Success
3841acec-62bb-48ed-81b0-222c2f49d8ba,2026-06-05T02:09:43Z,ad_emp_198,AD,ChangePassword,Success
6ec07d61-a816-4119-9660-8dc9ccbe73d9,2026-06-05T02:22:43Z,okta_emp_093,Okta,UpdateProfile,Success
dbd2d830-a413-4d86-996d-35b3af849b92,2026-06-05T03:21:43Z,aws_emp_260,AWS,ReadS3Bucket,Success
60ba891f-104d-4345-81dd-922a7f25af4c,2026-06-05T05:11:43Z,ad_emp_046,AD,Logoff,Success
cf0a02e7-9acc-43ee-9379-5fc4fba6b540,2026-06-05T07:30:43Z,okta_emp_208,Okta,UpdateProfile,Success
5d5622cf-f2a4-4118-b0e6-42fde6a5090f,2026-06-05T07:55:43Z,aws_emp_082,AWS,AssumeRole,Success
12824ab3-b0ec-4460-90a5-109b832c7191,2026-06-05T07:59:43Z,ad_emp_228,AD,ReadShare,Success
e183c44d-7cbf-4295-9863-a5e0227c79b3,2026-06-05T08:00:43Z,ad_emp_073,AD,ReadShare,Success
c878d8aa-f704-4b03-9816-7364e12cdc80,2026-06-05T11:02:43Z,okta_emp_188,Okta,UpdateProfile,Success
7dbf7854-53de-405c-bdeb-82c734b95c8c,2026-06-05T11:17:43Z,okta_emp_115,Okta,GrantAdminRole,Success
4fe732ac-e3f6-436d-a728-e5d0ec8549b3,2026-06-05T14:02:43Z,ad_emp_269,AD,ReadShare,Success
b76e35e3-88ff-4c40-862d-b5fc88c9fc44,2026-06-05T16:41:43Z,okta_emp_228,Okta,UpdateProfile,Success
6e6e10c9-5849-4d05-a5e0-53696fafdbe9,2026-06-05T17:20:43Z,ad_emp_251,AD,Login,Success
d87e5c5b-d35e-4c1f-9382-6c88dbb1eee3,2026-06-05T18:00:43Z,okta_emp_053,Okta,UpdateProfile,Success
d35ca76c-e629-475c-b155-4b797ad03360,2026-06-05T19:33:43Z,ad_emp_194,AD,ChangePassword,Success
47253f9a-1381-4e76-9c01-36bafea6aad8,2026-06-05T19:43:43Z,okta_emp_198,Okta,SSOLogin,Failure
3596894e-c3d8-4dd4-84f0-c5a534d09530,2026-06-05T20:51:43Z,okta_emp_191,Okta,SSOLogin,Success
f49c3964-147b-4607-bcf9-88c0fdd56b2c,2026-06-05T20:55:43Z,ad_emp_286,AD,Logoff,Success
643d279a-5541-4957-96f7-ac12921bb640,2026-06-05T21:21:43Z,aws_emp_068,AWS,DescribeEC2Instances,Success
653831f9-db6b-4f28-b905-f8964d0a72ad,2026-06-05T22:00:43Z,aws_emp_270,AWS,ReadS3Bucket,Success
519ec862-1a35-4eea-a9fc-af87840a281c,2026-06-05T22:26:43Z,aws_emp_245,AWS,DescribeEC2Instances,Success
25eed8fc-2357-427e-a022-47b6f1c6de71,2026-06-06T00:02:43Z,aws_emp_104,AWS,DescribeEC2Instances,Success
68f96599-fa50-4048-b93f-8c36b6f13646,2026-06-06T01:21:43Z,okta_emp_048,Okta,ViewDashboard,Success
019df184-6064-4dd5-bfcb-e6e8524f2e32,2026-06-06T02:05:43Z,aws_emp_189,AWS,AssumeRole,Success
4791bd5a-1234-478f-8918-60fceba8859a,2026-06-06T02:54:43Z,okta_emp_259,Okta,ViewDashboard,Success
6eec8267-5517-4cbb-a527-14980a811fed,2026-06-06T04:10:43Z,ad_emp_201,AD,Logoff,Success
2300024c-eb88-4a60-bcb7-ac794469c4b0,2026-06-06T04:36:43Z,okta_emp_220,Okta,SSOLogin,Success
16803c4c-e3d5-4ab0-af86-b5f5938ca4bc,2026-06-06T05:10:43Z,ad_emp_173,AD,ReadShare,Failure
108fc98c-175a-4206-b698-381f657b6e4f,2026-06-06T06:55:43Z,okta_emp_045,Okta,SSOLogin,Failure
caa7b652-9a97-4256-9b47-c0b3a4cdf8bc,2026-06-06T07:24:43Z,aws_emp_269,AWS,AssumeRole,Success
39d46ecb-70aa-48e7-bae1-d985505f0cad,2026-06-06T07:32:43Z,aws_emp_148,AWS,AssumeRole,Success
21c80e16-bd3f-4c60-b41d-3d5149c537e5,2026-06-06T08:51:43Z,ad_emp_102,AD,Login,Success
97191c90-3c4e-49e3-9ed9-56bd1d6f3266,2026-06-06T09:48:43Z,okta_emp_297,Okta,ViewDashboard,Success
e6292d29-3ac1-4dbb-80e1-c2acbe29ed06,2026-06-06T09:49:43Z,aws_emp_109,AWS,ReadS3Bucket,Success
8f570d0c-51f4-4c09-a5f4-286c2e186f65,2026-06-06T10:10:43Z,okta_emp_197,Okta,UpdateProfile,Success
f3fa28c8-94cf-4b98-841b-4fca2e414ec1,2026-06-06T11:04:43Z,okta_emp_290,Okta,UpdateProfile,Success
33701ae9-a08d-4a88-8878-edc06238548a,2026-06-06T12:39:43Z,okta_emp_084,Okta,UpdateProfile,Success
e575ece6-756e-4303-85aa-a8624a731bb8,2026-06-06T13:32:43Z,aws_emp_208,AWS,DescribeEC2Instances,Success
6996a148-0ea4-4765-8fb5-ec1a6b18d036,2026-06-06T14:39:43Z,aws_emp_062,AWS,AttachUserPolicy_AdministratorAccess,Success
65e38e84-06d4-4bae-948c-e4470f0d3f2c,2026-06-06T15:21:43Z,ad_emp_264,AD,Login,Success
146c4314-4532-40ca-b2e6-f5f0852feef5,2026-06-06T15:41:43Z,okta_emp_265,Okta,ViewDashboard,Success
fc887b74-6177-468e-918a-19b3bea63966,2026-06-06T15:58:43Z,aws_emp_293,AWS,DescribeEC2Instances,Success
ad5c0d84-61cd-4384-a559-1d63d439d71d,2026-06-06T16:18:43Z,okta_emp_060,Okta,ViewDashboard,Failure
a1513351-fc1e-4394-b07a-15898d907a54,2026-06-06T16:39:43Z,okta_emp_095,Okta,SSOLogin,Success
b779d260-2eab-494d-aa27-a9dc6a6e0a48,2026-06-06T18:01:43Z,okta_emp_053,Okta,UpdateProfile,Success
299077e9-de6a-4923-9c42-cbe8840d39e8,2026-06-06T18:01:43Z,ad_emp_096,AD,Login,Success
3dcd7f37-0b3b-4565-adaf-013ca83d6414,2026-06-06T19:07:43Z,ad_emp_252,AD,ReadShare,Success
98b93563-76e3-4372-bdfa-5dde990f81f4,2026-06-06T20:00:43Z,okta_emp_184,Okta,ViewDashboard,Success
5b2a5ed5-b46c-451b-bd0d-b08a9917460c,2026-06-06T23:32:43Z,okta_emp_139,Okta,UpdateProfile,Success
41df5d87-acd0-4426-8547-af4f14bf57d0,2026-06-06T23:57:43Z,ad_emp_128,AD,Login,Success
3bd88721-23f0-4fce-8841-f2364c0b31ca,2026-06-07T00:25:43Z,aws_emp_197,AWS,AssumeRole,Success
dc422ac2-fb11-447d-ab26-4e4d5e38dca9,2026-06-07T01:35:43Z,okta_emp_025,Okta,ViewDashboard,Success
b63e99fe-ff4e-4d16-afc0-a3fa1a5566b8,2026-06-07T02:51:43Z,ad_emp_181,AD,ChangePassword,Success
c8636559-ca3c-4823-a86c-4020d88827db,2026-06-07T04:54:43Z,ad_emp_290,AD,Login,Success
f940056c-914c-4f10-bb25-17d0ffd99298,2026-06-07T05:12:43Z,okta_emp_192,Okta,ViewDashboard,Failure
dc5d59b6-dcfe-40fe-b83d-5a14b5897756,2026-06-07T07:54:43Z,aws_emp_068,AWS,AssumeRole,Success
295956cb-17e5-4b04-b4d0-6cf77ff601a7,2026-06-07T08:10:43Z,aws_emp_285,AWS,CreateRole_HighPriv,Success
8dcf9d8f-c92e-4643-8d4a-b2de9a5f6f7b,2026-06-07T08:21:43Z,aws_emp_142,AWS,ReadS3Bucket,Success
d9179e26-d0ce-4a97-b8f1-eb97ed7b71b4,2026-06-07T10:39:43Z,aws_emp_011,AWS,DescribeEC2Instances,Success
2c1cbe08-17db-4471-9b5e-354534466981,2026-06-07T13:58:43Z,aws_emp_056,AWS,ReadS3Bucket,Success
8ac7dd41-b19c-42e6-b5e6-f0b681cc99ba,2026-06-07T14:18:43Z,okta_emp_059,Okta,UpdateProfile,Success
78967d36-e492-4dd3-acfb-720d4182be43,2026-06-07T14:35:43Z,ad_emp_117,AD,ChangePassword,Failure
f6a504d0-8f8a-43a7-9cdd-be1b5315cf84,2026-06-07T14:45:43Z,aws_emp_278,AWS,AssumeRole,Success
ef37ff37-8923-49fa-82a6-3aa98823d5e3,2026-06-07T15:26:43Z,aws_emp_217,AWS,ReadS3Bucket,Success
77cdbe7f-7a4a-460c-a59e-eace0bf282d5,2026-06-07T16:41:43Z,aws_emp_088,AWS,AttachUserPolicy_AdministratorAccess,Success
a5b985e1-dc2d-4ba1-a41f-813e0e031416,2026-06-07T20:38:43Z,aws_emp_218,AWS,DescribeEC2Instances,Success
ed323fb5-43e2-4b9a-acb4-9d0433a4aa86,2026-06-07T21:16:43Z,ad_emp_229,AD,ResetAdminPassword,Success
39ed0306-cefb-4521-b66e-720cd1b5955a,2026-06-07T22:24:43Z,ad_emp_166,AD,ReadShare,Success
f91505aa-c393-42bd-a4a1-bef759b9ec1f,2026-06-08T00:03:43Z,okta_emp_291,Okta,Login_From_New_Country,Success
95df088f-f374-47af-810a-f732a54aabe5,2026-06-08T02:02:43Z,aws_emp_213,AWS,ReadS3Bucket,Success
97b77af2-61e1-4580-9e8f-011010e5600c,2026-06-08T03:34:43Z,aws_emp_051,AWS,ReadS3Bucket,Success
d966ff9a-4f38-486b-b163-6095e741be22,2026-06-08T04:03:43Z,okta_emp_247,Okta,UpdateProfile,Success
cb152840-1a08-40be-9172-02da5e83fd7f,2026-06-08T04:40:43Z,aws_emp_090,AWS,ReadS3Bucket,Success
716564f3-de0d-4098-8f65-550354ece41e,2026-06-08T05:41:43Z,ad_emp_077,AD,ReadShare,Success
5df37cef-1101-476e-9709-e519c158c69a,2026-06-08T07:37:43Z,okta_emp_206,Okta,UpdateProfile,Success
d5d2bf9b-eaa4-4f12-8a9f-462eb0ff6290,2026-06-08T07:45:43Z,okta_emp_150,Okta,UpdateProfile,Success
1d2be6d3-109c-46a1-83f7-d4c8100c0408,2026-06-08T12:58:43Z,ad_emp_259,AD,ChangePassword,Success
917e6530-0fca-48f1-a143-ea91b7f07e67,2026-06-08T13:13:43Z,aws_emp_281,AWS,AssumeRole,Success
8533e76c-6b1c-441a-b016-52b863963b0f,2026-06-08T14:28:43Z,okta_emp_258,Okta,GrantAdminRole,Success
c3dd48be-22de-4594-9d66-769d90d46b6e,2026-06-08T14:59:43Z,okta_emp_090,Okta,SSOLogin,Success
20b7cc30-4143-4c5f-bbd2-9821e38981a0,2026-06-08T17:25:43Z,okta_emp_162,Okta,UpdateProfile,Success
c1686b50-298e-4221-b94f-bb5cc616a8bf,2026-06-08T18:46:43Z,okta_emp_025,Okta,ViewDashboard,Success
fb1a5617-f93b-4a6a-b756-353560a6257a,2026-06-08T19:34:43Z,ad_emp_105,AD,ReadShare,Success
1a298469-d3a6-4921-b82b-d953feea7d1a,2026-06-08T19:35:43Z,aws_emp_049,AWS,AssumeRole,Success
28da4c80-5c63-46d8-82b4-09cbf3e75a52,2026-06-08T19:57:43Z,ad_emp_209,AD,Login,Success
5c3a9db8-aced-4277-b8dc-9523c0ee7ccc,2026-06-08T20:23:43Z,ad_emp_091,AD,ReadShare,Success
1ff37f90-a8af-4565-9d3a-6d4042cda699,2026-06-08T20:40:43Z,aws_emp_131,AWS,DescribeEC2Instances,Success
7c934050-2a0b-4128-8bcd-8560a46b4a2f,2026-06-08T21:11:43Z,okta_emp_011,Okta,ViewDashboard,Success
357ff78e-30d3-4675-9628-e44f958208a5,2026-06-08T22:00:43Z,aws_emp_259,AWS,AssumeRole,Success
6e81377c-b276-4872-a53b-f7a69ec851a6,2026-06-08T22:07:43Z,ad_emp_275,AD,Login,Success
03adf0f1-781e-4243-b5ca-070ea3c4888d,2026-06-08T22:37:43Z,ad_emp_150,AD,Logoff,Success
21b782c4-f0a2-4f92-8556-97360a8366f9,2026-06-09T00:35:43Z,ad_emp_209,AD,ChangePassword,Success
40fd140c-3b07-4455-b1b3-53a44bc5c63a,2026-06-09T01:14:43Z,okta_emp_193,Okta,SSOLogin,Success
523b9018-40b3-47fa-8a76-0c1765f9e573,2026-06-09T01:30:43Z,ad_emp_293,AD,Logoff,Success
3aacf868-e024-4fd0-aee2-c6f170d56fa2,2026-06-09T01:36:43Z,ad_emp_039,AD,Logoff,Success
d7ddf0a6-44ca-4362-93c8-4709eeabf31c,2026-06-09T02:44:43Z,okta_emp_184,Okta,ViewDashboard,Success
e4ace5c2-f902-4e61-991d-078d66fa1a1f,2026-06-09T04:17:43Z,ad_emp_201,AD,ChangePassword,Success
f31d555c-5493-40de-b451-692cf290d76b,2026-06-09T04:44:43Z,okta_emp_274,Okta,ViewDashboard,Success
3d4f891c-5cff-4064-ae3c-36704f2aca2f,2026-06-09T06:31:43Z,aws_emp_219,AWS,AssumeRole,Success
f82fbb92-1eb3-41c7-9e62-e75ab528b44a,2026-06-09T06:58:43Z,aws_emp_048,AWS,Use_Expired_Token,Success
9456505d-6cbf-4b35-aece-feed3e8e7f40,2026-06-09T07:04:43Z,aws_emp_288,AWS,CreateRole_HighPriv,Success
48add2af-d210-4f73-b423-c758597d258e,2026-06-09T08:19:43Z,okta_emp_174,Okta,UpdateProfile,Success
03851829-5b6e-4967-a36a-8ffbb62da4cc,2026-06-09T09:42:43Z,aws_emp_202,AWS,CreateRole_HighPriv,Success
1438278f-ce1d-4f47-a237-7f299a59b6ba,2026-06-09T09:44:43Z,okta_emp_244,Okta,ViewDashboard,Success
ffc7f3e1-447a-4a1d-a1f4-bbd142a7c136,2026-06-09T10:22:43Z,aws_emp_049,AWS,AssumeRole,Success
65e60878-3e2a-4604-a0f7-79e7ba59d6c4,2026-06-09T10:39:43Z,aws_emp_014,AWS,ReadS3Bucket,Success
813adefa-ef66-4916-91b7-8f82ad66210b,2026-06-09T11:42:43Z,ad_emp_047,AD,ReadShare,Success
6080f0e3-7677-4bbd-9b67-0cd634eea18c,2026-06-09T13:01:43Z,okta_emp_242,Okta,Login_From_New_Country,Success
e06724f0-80f7-4cdf-876f-d2351285c769,2026-06-09T13:27:43Z,okta_emp_097,Okta,Impossible_Travel_Login,Success
60fae4a6-6478-41f0-b147-9d26bb1d5009,2026-06-09T14:30:43Z,ad_emp_229,AD,Login,Success
695f8fb5-b270-4505-afaf-da5150d63330,2026-06-09T15:22:43Z,ad_emp_184,AD,ChangePassword,Success
a400d5be-8a35-4e26-898f-c4c12e1dcb9c,2026-06-09T15:31:43Z,aws_emp_258,AWS,ReadS3Bucket,Success
56237cd1-f705-44a0-b025-dfb3584c51f2,2026-06-09T16:07:43Z,aws_emp_165,AWS,DescribeEC2Instances,Success
f0f2c247-0a37-4fad-b196-014452e2dc78,2026-06-09T16:54:43Z,aws_emp_056,AWS,DescribeEC2Instances,Success
737b40e7-22a2-4eab-9271-b79dbdce8d82,2026-06-09T17:58:43Z,okta_emp_184,Okta,SSOLogin,Failure
8ea7d71f-eb99-4851-a7fb-a56e810cef6b,2026-06-09T20:22:43Z,ad_emp_217,AD,ChangePassword,Success
1b8eff35-730c-46be-bf54-6fb53df4fbb5,2026-06-09T20:37:43Z,okta_emp_092,Okta,GrantAdminRole,Success
3f0e9d8a-6738-4dfc-a215-95475983c8fc,2026-06-09T20:52:43Z,okta_emp_155,Okta,UpdateProfile,Success
395edbf3-d94c-4495-aa2d-45d951214c92,2026-06-09T21:00:43Z,ad_emp_046,AD,Login,Success
3d1c6a0e-2c83-4555-9991-d050fcdfc256,2026-06-09T21:11:43Z,okta_emp_143,Okta,ViewDashboard,Success
a7fc3771-5f15-4448-8bbd-5183ff7fb9df,2026-06-09T23:22:43Z,aws_emp_048,AWS,DescribeEC2Instances,Success
2f5ec729-1e64-42ec-8b84-82650560a913,2026-06-09T23:28:43Z,ad_emp_256,AD,ReadShare,Success
be97c379-cb06-4c18-801b-ae5f85e3a23d,2026-06-09T23:48:43Z,aws_emp_143,AWS,AssumeRole,Success
38caa2f4-cb8b-4e1a-95ac-5cd9399f7751,2026-06-10T01:04:43Z,aws_emp_256,AWS,AssumeRole,Success
1666bd0c-c7cf-4cb1-a1ff-a3d4cf393558,2026-06-10T01:41:43Z,aws_emp_299,AWS,DescribeEC2Instances,Success
9ee5751e-2b63-416a-8c88-8ace0d9ac57c,2026-06-10T04:01:43Z,okta_emp_021,Okta,UpdateProfile,Success
a3e26661-8806-4489-80aa-17eddbc4855d,2026-06-10T04:08:43Z,okta_emp_207,Okta,UpdateProfile,Success
788ff156-8fd6-4c2f-8c8a-d484909eaf4f,2026-06-10T04:42:43Z,okta_emp_263,Okta,ViewDashboard,Success
0376e6b6-6b28-456b-87c0-f97e659937f6,2026-06-10T05:09:43Z,aws_emp_193,AWS,AssumeRole,Success
b4300308-96d3-4c68-a354-c6dc8383bd7d,2026-06-10T06:19:43Z,okta_emp_274,Okta,ViewDashboard,Success
ae10cfb4-be77-4874-9e59-73f951ca2834,2026-06-10T07:26:43Z,okta_emp_214,Okta,SSOLogin,Success
5e20664d-7470-4087-8dd4-cea153ef0a2a,2026-06-10T09:27:43Z,aws_emp_224,AWS,ReadS3Bucket,Success
4b7bb843-4e83-45be-ae79-fe8886824236,2026-06-10T09:35:43Z,okta_emp_196,Okta,SSOLogin,Success
c726f292-7912-437a-8149-5dd34cbb715c,2026-06-10T09:46:43Z,aws_emp_086,AWS,DescribeEC2Instances,Success
c45d1d68-9415-44b7-bdb6-8b2c040df5a2,2026-06-10T10:18:43Z,okta_emp_113,Okta,ViewDashboard,Success
62aaa700-d947-4f7b-b5a2-261ba8b55825,2026-06-10T11:41:43Z,okta_emp_256,Okta,UpdateProfile,Success
86ce6706-c716-4195-b82e-61a0079e7855,2026-06-10T11:42:43Z,okta_emp_285,Okta,SSOLogin,Success
d3d9afa1-831f-4bcd-8cde-534a18f6c2bb,2026-06-10T12:02:43Z,aws_emp_234,AWS,DescribeEC2Instances,Success
e1357f49-71bb-4403-9ffb-681be88c2a17,2026-06-10T12:58:43Z,ad_emp_038,AD,Login,Success
e01107a1-e07b-45ad-a8b5-cfce26d63af5,2026-06-10T13:46:43Z,aws_emp_280,AWS,ReadS3Bucket,Success
8fe1f36d-dcde-4259-a5bd-5f3600d49c85,2026-06-10T14:01:43Z,aws_emp_252,AWS,AssumeRole,Success
6f1e3241-0408-44ad-9fd4-264d93800e75,2026-06-10T15:40:43Z,ad_emp_156,AD,ReadShare,Success
a9293d99-b5e6-4c95-90ff-f3b5262234f0,2026-06-10T18:28:43Z,ad_emp_057,AD,ReadShare,Success
251c1106-3ee3-4eba-ae4c-1b8cc9880525,2026-06-10T19:22:43Z,aws_emp_142,AWS,ReadS3Bucket,Success
d7f01334-8a56-49df-b039-060f91ccf782,2026-06-10T20:09:43Z,aws_emp_074,AWS,AttachUserPolicy_AdministratorAccess,Success
a2a4cec4-9ab0-43c3-9128-c42039b11d0f,2026-06-10T20:27:43Z,ad_emp_260,AD,ReadShare,Success
2027d260-7ff7-42ea-ae20-a59b6bad6b51,2026-06-10T21:49:43Z,ad_emp_269,AD,Login,Success
9f17c008-5520-4e5d-8c31-cf2c46ff2535,2026-06-10T22:47:43Z,aws_emp_044,AWS,AssumeRole,Success
c6cd8cbb-0d0d-4635-91bb-abb70d7d5ec4,2026-06-10T23:21:43Z,ad_emp_081,AD,ReadShare,Success
270faae3-2f42-4273-8906-3e9dc3e59946,2026-06-11T00:31:43Z,okta_emp_275,Okta,ViewDashboard,Success
5dd3acaf-981d-4356-bd14-2dd424db1f22,2026-06-11T00:55:43Z,ad_emp_246,AD,ChangePassword,Success
f349b677-98a8-4b14-bf83-cb3cbb12fc6e,2026-06-11T01:32:43Z,aws_emp_193,AWS,DescribeEC2Instances,Success
cda146ee-cee4-4612-aea3-31ea21f58db5,2026-06-11T01:37:43Z,okta_emp_043,Okta,SSOLogin,Success
d55e2b6e-0b50-439b-a0bc-ebba8012c230,2026-06-11T01:57:43Z,ad_emp_216,AD,Login,Success
7fa8135e-576c-4989-ba10-66d57ec0075f,2026-06-11T04:25:43Z,okta_emp_271,Okta,SSOLogin,Success
8f6945c4-47df-477e-9792-e813fcf99af2,2026-06-11T05:36:43Z,aws_emp_197,AWS,CreateRole_HighPriv,Success
7d1813e7-bd60-4042-b131-dc7a1270d737,2026-06-11T06:11:43Z,okta_emp_224,Okta,UpdateProfile,Success
81f43d8d-8b8e-4108-b592-17c33897aa75,2026-06-11T06:16:43Z,aws_emp_150,AWS,DescribeEC2Instances,Success
f44d0d4c-4b5b-4f31-b645-c48f64a20b21,2026-06-11T09:37:43Z,aws_emp_232,AWS,AssumeRole,Success
0a306199-e020-4c2a-9106-e44dbaba767f,2026-06-11T09:57:43Z,ad_emp_269,AD,ChangePassword,Success
c8ccceac-1ace-4844-bf16-ec88718aa184,2026-06-11T11:00:43Z,okta_emp_251,Okta,ViewDashboard,Success
0d66c0f3-7b0c-4a74-8ba0-0ad7625a3387,2026-06-11T11:27:43Z,aws_emp_132,AWS,AssumeRole,Success
7e887143-bc00-40b1-9941-3920e2c548a9,2026-06-11T11:41:43Z,ad_emp_264,AD,ReadShare,Success
14426b88-c2c7-4b8d-839a-37e5ec112351,2026-06-11T12:12:43Z,aws_emp_016,AWS,DescribeEC2Instances,Success
fa73408c-9800-44cf-b82f-37ff511fecbe,2026-06-11T17:31:43Z,ad_emp_051,AD,ResetAdminPassword,Success
ec5d1b60-9c95-4956-9afc-80a3070847c0,2026-06-11T18:46:43Z,okta_emp_286,Okta,SSOLogin,Success
207e0aa4-edb3-4538-a749-f53f6cef812d,2026-06-11T20:42:43Z,okta_emp_171,Okta,UpdateProfile,Success
2efa2f85-42f4-4630-a867-99154bae40ce,2026-06-11T20:48:43Z,ad_emp_098,AD,ReadShare,Success
ea4ff1bd-6891-460e-9dbf-b3af5a9e93cf,2026-06-11T21:31:43Z,ad_emp_123,AD,ResetAdminPassword,Success
60d648b6-9dde-4f18-be1f-b104e7ff2b1b,2026-06-11T23:24:43Z,aws_emp_280,AWS,AssumeRole,Success
f7e19764-ef16-40eb-a6e5-d61feb167a50,2026-06-12T00:05:43Z,okta_emp_165,Okta,ViewDashboard,Success
c9961324-8101-49bc-bcf5-4acdbdc51eda,2026-06-12T00:21:43Z,okta_emp_253,Okta,UpdateProfile,Success
850bfd3b-afff-448d-928c-a46d0c6c69d4,2026-06-12T00:43:43Z,aws_emp_280,AWS,AssumeRole,Success
d9ef4b2c-cd0c-4c71-94f7-14e2a0c69b27,2026-06-12T00:43:43Z,ad_emp_218,AD,Login,Success
94cfb792-8406-4c8b-9bf4-976fcef8bd38,2026-06-12T01:18:43Z,okta_emp_259,Okta,UpdateProfile,Success
673d74ae-0d30-4eaf-b408-1af12c7f1981,2026-06-12T01:31:43Z,ad_emp_115,AD,ReadShare,Success
97b6ddbf-ccea-41b1-b961-e7ff72da2126,2026-06-12T03:15:43Z,ad_emp_125,AD,Login,Success
cf2c6715-ebe7-4a8c-9a62-218acc6542dc,2026-06-12T03:27:43Z,ad_emp_171,AD,Login,Success
4c05d919-42f0-4a30-a483-7765849060a8,2026-06-12T04:40:43Z,okta_emp_118,Okta,SSOLogin,Success
acd02a9a-cb3a-4968-aef8-f08e6d435f30,2026-06-12T05:24:43Z,okta_emp_144,Okta,ViewDashboard,Success
8c50e26d-94bc-4d88-aa2c-de9997e92ad3,2026-06-12T05:35:43Z,aws_emp_048,AWS,AssumeRole,Success
2f5ad31a-16e9-40f7-a227-31fbee63fbbc,2026-06-12T05:45:43Z,okta_emp_045,Okta,ViewDashboard,Success
7dfcbecf-ce3d-4eec-8dce-9dfcf6e4bb91,2026-06-12T05:54:43Z,okta_emp_258,Okta,SSOLogin,Success
3fd74378-7917-44ab-b36a-e30bdd2263c2,2026-06-12T06:55:43Z,okta_emp_199,Okta,ViewDashboard,Success
1b5fd3ff-fdd3-4684-a3fe-9684a03790a4,2026-06-12T07:08:43Z,okta_emp_291,Okta,UpdateProfile,Success
221cb0f0-e0dd-4fe1-a94c-7a374b187a18,2026-06-12T07:49:43Z,aws_emp_079,AWS,AssumeRole,Success
a24ce710-474f-4c27-b352-af88f3337c4b,2026-06-12T09:23:43Z,ad_emp_166,AD,Logoff,Success
63f7e03d-a368-48e1-b66a-173ef1b169c5,2026-06-12T10:04:43Z,ad_emp_080,AD,Login,Success
9cda8f20-227e-4622-8199-e68316c95c14,2026-06-12T10:04:43Z,aws_emp_154,AWS,AssumeRole,Success
3fb2cae1-1836-44bc-bb51-c7433a1b5aa2,2026-06-12T10:57:43Z,aws_emp_219,AWS,DescribeEC2Instances,Success
36f05046-3e75-4798-91cb-bcb3b0651cf8,2026-06-12T13:10:43Z,okta_emp_093,Okta,UpdateProfile,Success
4734113e-7a2b-46b2-b753-d7033b719b0a,2026-06-12T13:10:43Z,ad_emp_087,AD,ChangePassword,Failure
a23ceb5a-f182-483f-91b3-fe6a5e9840f2,2026-06-12T15:31:43Z,okta_emp_175,Okta,SSOLogin,Success
935601aa-5643-4d21-9be1-146518a0ccf4,2026-06-12T15:52:43Z,aws_emp_155,AWS,DescribeEC2Instances,Success
6b9ce7fb-e15d-489d-9ee4-e2d06c544cce,2026-06-12T16:39:43Z,aws_emp_110,AWS,AssumeRole,Success
8e18921a-bbab-4306-bbc7-376accd7c308,2026-06-12T17:51:43Z,ad_emp_062,AD,ResetAdminPassword,Success
f6a45eff-a889-4e91-8244-32bbabb28f4b,2026-06-12T19:17:43Z,okta_emp_285,Okta,UpdateProfile,Success
cdb58cf8-a082-49aa-ae57-63c24b983ade,2026-06-12T19:19:43Z,okta_emp_077,Okta,UpdateProfile,Success
fa6a075e-dcca-4d01-98a8-e49ad3c04eb5,2026-06-12T19:54:43Z,aws_emp_216,AWS,AssumeRole,Success
0672aa16-cfc4-45bf-bc3b-a66e788b8a24,2026-06-12T22:45:43Z,okta_emp_052,Okta,UpdateProfile,Success
48bf707b-3115-4727-b3e9-e59223712a54,2026-06-13T00:40:43Z,okta_emp_043,Okta,SSOLogin,Success
5835e534-55ce-4a85-94ef-2394006693d4,2026-06-13T00:52:43Z,aws_emp_141,AWS,Use_Expired_Token,Success
d409fc22-8492-4866-b927-e1215c6055be,2026-06-13T01:18:43Z,aws_emp_065,AWS,AssumeRole,Success
b9db576d-c1cc-451d-a19e-f19e8be1d850,2026-06-13T01:42:43Z,aws_emp_049,AWS,DescribeEC2Instances,Success
7a751a97-b31b-47bb-991d-41993231f8e6,2026-06-13T02:34:43Z,aws_emp_069,AWS,DescribeEC2Instances,Success
83a53f8b-f203-43ea-a5dc-7d6d51a74655,2026-06-13T03:06:43Z,okta_emp_298,Okta,ViewDashboard,Success
a51336f9-d335-4ade-9854-e027ccd91b21,2026-06-13T03:13:43Z,okta_emp_287,Okta,SSOLogin,Success
d0603520-a7af-4434-89e6-af7fe2b2f750,2026-06-13T04:37:43Z,aws_emp_296,AWS,DescribeEC2Instances,Success
f261da44-4b06-4865-9da9-6a215a7a95e2,2026-06-13T06:40:43Z,aws_emp_143,AWS,AssumeRole,Success
b896aed3-db5d-4b54-b53f-4799ce98e4f6,2026-06-13T09:04:43Z,aws_emp_174,AWS,DescribeEC2Instances,Success
8e0541ee-2718-4dfe-874e-81d5fdde1056,2026-06-13T09:13:43Z,aws_emp_261,AWS,DescribeEC2Instances,Success
e56f44d4-446f-44f6-9078-3c2f3e150339,2026-06-13T10:22:43Z,aws_emp_244,AWS,DescribeEC2Instances,Success
a644d9cf-720b-4e22-9225-dbd8cb69b0af,2026-06-13T11:05:43Z,okta_emp_046,Okta,UpdateProfile,Success
23ed5a23-e02d-4597-8699-9b69f39bef77,2026-06-13T12:12:43Z,ad_emp_192,AD,ReadShare,Success
daee4a61-47da-4c7b-a32d-148a1ee072ad,2026-06-13T12:45:43Z,okta_emp_238,Okta,ViewDashboard,Success
d84c6a08-ff70-4d4e-9c4f-8ed2b8b943cd,2026-06-13T14:01:43Z,aws_emp_030,AWS,AssumeRole,Success
11f22983-232a-4b23-99e3-a66e0231243b,2026-06-13T14:18:43Z,ad_emp_209,AD,ChangePassword,Success
bfa43a1a-ba28-4132-a71a-aaac53607942,2026-06-13T14:53:43Z,aws_emp_146,AWS,API_Call_From_Suspicious_IP,Success
a0b1efed-614c-4594-9f86-9f226d9b81fa,2026-06-13T15:04:43Z,aws_emp_146,AWS,ReadS3Bucket,Success
5ec00f21-0b78-4037-837e-8019836005f3,2026-06-13T15:41:43Z,okta_emp_209,Okta,SSOLogin,Success
b6340086-ebef-481a-ba23-28de5018d4a5,2026-06-13T15:55:43Z,aws_emp_202,AWS,DescribeEC2Instances,Success
41c4171f-7015-4dfb-9ac2-8d4e48491d2b,2026-06-13T16:40:43Z,okta_emp_045,Okta,ViewDashboard,Success
76495207-eeaa-48ec-983f-bf7580969aaf,2026-06-13T17:22:43Z,okta_emp_142,Okta,SSOLogin,Success
0c2397ba-12fc-4799-9fa1-7cd1b9ce945a,2026-06-13T17:49:43Z,okta_emp_182,Okta,Impossible_Travel_Login,Success
8a2a274c-c8de-4f77-b2cd-6251a8156716,2026-06-13T18:12:43Z,okta_emp_193,Okta,UpdateProfile,Success
44d262f1-f682-4cff-b42e-c3e04f9c6aa3,2026-06-13T19:05:43Z,aws_emp_076,AWS,ReadS3Bucket,Success
2157603b-26ad-43c0-a3e6-ef521bf6295d,2026-06-13T19:34:43Z,okta_emp_271,Okta,ViewDashboard,Success
892a2b25-0574-411c-98e1-090ffd30f6ba,2026-06-13T20:03:43Z,okta_emp_178,Okta,Impossible_Travel_Login,Success
f4299596-0b07-4046-96df-d762561ef1a6,2026-06-13T20:04:43Z,aws_emp_082,AWS,DescribeEC2Instances,Success
ba52d2b1-82ba-42bb-845f-52cb2ec96055,2026-06-13T20:50:43Z,aws_emp_222,AWS,AssumeRole,Success
68f6ad63-8582-40d2-83cd-ec73b786deb4,2026-06-13T21:37:43Z,ad_emp_156,AD,ChangePassword,Success
6a9ec8c4-eb11-41a5-836f-89e054f82817,2026-06-13T23:31:43Z,aws_emp_256,AWS,ReadS3Bucket,Success
726ddc2a-cba1-4207-b058-0ff49a4a7adb,2026-06-14T01:25:43Z,ad_emp_038,AD,ReadShare,Success
c868a91d-37fa-4e3c-a245-56c74ae42618,2026-06-14T03:43:43Z,ad_emp_259,AD,ReadShare,Success
864014f0-db1e-4983-93df-ed15d69cdbf5,2026-06-14T05:27:43Z,okta_emp_143,Okta,Impossible_Travel_Login,Success
40259ddf-92a4-4666-a8e4-6fd5b3fc4cf2,2026-06-14T08:07:43Z,okta_emp_281,Okta,GrantAdminRole,Success
ab69c4b6-e0a1-4552-9df0-f0ba3709077c,2026-06-14T08:24:43Z,ad_emp_293,AD,ReadShare,Success
3ba5b6c2-4769-4e81-9f4e-9fd7003e354f,2026-06-14T08:41:43Z,okta_emp_078,Okta,UpdateProfile,Success
9a08705c-4981-4138-9119-34e5685ee3ef,2026-06-14T08:53:43Z,okta_emp_187,Okta,ViewDashboard,Success
7b609f9e-4ede-4bcf-b185-c8a62c1fb77d,2026-06-14T09:07:43Z,ad_emp_062,AD,ReadShare,Success
76c809e5-0689-4d9d-bdb6-8c44dfb7b00e,2026-06-14T09:08:43Z,okta_emp_108,Okta,ViewDashboard,Failure
2d1feaa4-9258-42e7-844d-9759a2dba275,2026-06-14T10:25:43Z,okta_emp_179,Okta,UpdateProfile,Success
7c1c3192-3316-40c5-a85d-5f6275a9ad09,2026-06-14T10:37:43Z,okta_emp_296,Okta,UpdateProfile,Success
82d421b4-f9b8-43da-8a68-16afeff826ce,2026-06-14T12:00:43Z,aws_emp_261,AWS,ReadS3Bucket,Success
0977d05e-0241-4b1e-b0a4-f06f095e7d30,2026-06-14T12:23:43Z,aws_emp_266,AWS,AssumeRole,Success
445a2d4e-7f8b-4334-a956-f506b8ed9549,2026-06-14T12:31:43Z,ad_emp_241,AD,Logoff,Success
b7b23dcf-c346-449d-876c-e6f7231acddb,2026-06-14T13:02:43Z,okta_emp_010,Okta,ViewDashboard,Success
524f1e56-4ed9-4b11-aad3-5201bf647482,2026-06-14T13:10:43Z,okta_emp_196,Okta,ViewDashboard,Success
4b7695b9-3c03-4d01-bf36-7cb7d84c1e73,2026-06-14T13:52:43Z,aws_emp_053,AWS,DescribeEC2Instances,Success
1404a523-3125-4d26-b57f-835f770af18d,2026-06-14T14:48:43Z,aws_emp_088,AWS,ReadS3Bucket,Failure
0699619a-34bb-42c7-bad3-0d9eb827f74d,2026-06-14T17:49:43Z,aws_emp_201,AWS,DescribeEC2Instances,Success
21c835a3-fbaf-44ec-b041-b3f3c34759cc,2026-06-14T18:16:43Z,ad_emp_156,AD,AddUserToGroup_DomainAdmins,Success
b94b3264-78a4-441b-8c1f-dd69ade7493f,2026-06-14T21:26:43Z,ad_emp_196,AD,ChangePassword,Success
2c7b98f3-a1a6-4418-a18f-f87dc4d130cf,2026-06-14T23:33:43Z,ad_emp_233,AD,ReadShare,Failure
dffaf65a-1e13-47b8-b2b7-15cd7a55ee89,2026-06-14T23:34:43Z,okta_emp_057,Okta,SSOLogin,Success
f3a0537b-690b-4318-b8e3-8d7e4485147c,2026-06-15T00:02:43Z,ad_emp_203,AD,ChangePassword,Success
3b9f6713-7e0a-4986-ae48-80fb24e37dfc,2026-06-15T00:07:43Z,okta_emp_107,Okta,Impossible_Travel_Login,Success
1d2f8db7-bbb0-4c2f-8b71-4d3f28e4f737,2026-06-15T01:08:43Z,okta_emp_104,Okta,ViewDashboard,Success
7b64173c-c515-4538-a950-92e55accdddd,2026-06-15T01:14:43Z,ad_emp_179,AD,Logoff,Success
f0566e80-a2d1-4684-b140-f914593aefd2,2026-06-15T01:34:43Z,aws_emp_079,AWS,DescribeEC2Instances,Success
d1f7cbcd-b0d7-4a3f-b906-f2f0c12ef4a0,2026-06-15T03:41:43Z,okta_emp_059,Okta,SSOLogin,Success
f07939a4-2240-4290-b060-70baa38abf4a,2026-06-15T04:36:43Z,aws_emp_030,AWS,DescribeEC2Instances,Failure
b4e43f07-4d1c-4c3a-9f63-d3d147f2492a,2026-06-15T06:44:43Z,ad_emp_096,AD,ReadShare,Success
bed2233c-fe45-4743-9a34-dea44a9c5a3d,2026-06-15T07:39:43Z,ad_emp_222,AD,Login,Success
8060525f-add5-4584-9b19-bd6d81665497,2026-06-15T08:59:43Z,ad_emp_255,AD,ChangePassword,Success
18420998-e023-4ddc-9a93-af16b6ea58d2,2026-06-15T09:59:43Z,ad_emp_045,AD,Login,Success
99a338ab-75a8-4bb4-974e-ac9033df1db3,2026-06-15T10:44:43Z,okta_emp_118,Okta,SSOLogin,Success
69959d57-a8f0-4760-bd4c-a0beca55d029,2026-06-15T12:04:43Z,okta_emp_156,Okta,SSOLogin,Success
5197530c-a682-4ac7-9ab0-8d26a8d35f7a,2026-06-15T13:04:43Z,ad_emp_091,AD,Logoff,Success
6d7bec20-9730-49bd-993d-15696442d707,2026-06-15T13:57:43Z,okta_emp_288,Okta,SSOLogin,Success
a5807eff-bdfc-41ff-befe-6cd5faec4496,2026-06-15T14:16:43Z,aws_emp_116,AWS,ReadS3Bucket,Success
a1d21b14-d8fe-4384-b0ac-a189409f542c,2026-06-15T17:01:43Z,okta_emp_298,Okta,UpdateProfile,Success
1cb007cd-c4ce-42e4-bdb3-c513d3324c7b,2026-06-15T20:21:43Z,aws_emp_173,AWS,AssumeRole,Success
e73654c3-d92a-4664-95d9-34a12c3ff290,2026-06-15T20:47:43Z,okta_emp_263,Okta,ViewDashboard,Success
5d41a83e-a21d-4e33-8e34-fadd90ee72fa,2026-06-15T20:57:43Z,ad_emp_050,AD,ReadShare,Success
795b5bf5-5952-4e11-a5dd-385e092dfcd6,2026-06-15T21:16:43Z,aws_emp_237,AWS,AssumeRole,Success
54ad0538-30e0-4fb5-bdcf-c3152da0ea7e,2026-06-15T21:18:43Z,aws_emp_285,AWS,AssumeRole,Success
61202450-e352-4918-9165-2971bce8e540,2026-06-15T22:12:43Z,aws_emp_028,AWS,CreateRole_HighPriv,Success
b3070489-2856-49c2-8d56-57daa718f908,2026-06-15T22:17:43Z,aws_emp_255,AWS,AssumeRole,Success
bfdb09f5-4105-4b21-a72b-c98e9ebe9c6a,2026-06-15T22:31:43Z,ad_emp_199,AD,Login,Success
cea45066-88e8-4d6f-9d9a-f01e4f6c935b,2026-06-15T23:23:43Z,okta_emp_272,Okta,SSOLogin,Success
3818f4fd-4cb1-4318-bd4c-45700a711368,2026-06-16T00:16:43Z,okta_emp_105,Okta,UpdateProfile,Success
d3ed0e38-de81-4d04-80e2-7c750b3f18ca,2026-06-16T02:35:43Z,ad_emp_082,AD,ChangePassword,Success
56c33895-541e-4069-9905-38550ede3a9c,2026-06-16T03:02:43Z,aws_emp_075,AWS,DescribeEC2Instances,Success
ac336f5a-8d41-487e-a5c6-04c99e23b63e,2026-06-16T03:59:43Z,okta_emp_287,Okta,UpdateProfile,Success
525e28dd-f96a-4797-8694-f03a09d2840e,2026-06-16T06:12:43Z,ad_emp_103,AD,Logoff,Success
f1b77072-597c-4ead-9c0a-3714d5bcc0b3,2026-06-16T06:17:43Z,ad_emp_232,AD,Logoff,Success
0dfb2e1f-aa9f-49fe-aad1-9ec7d7538d3d,2026-06-16T07:43:43Z,aws_emp_195,AWS,AssumeRole,Success
b0a2560c-b678-4c6b-a90a-626633ad62de,2026-06-16T10:08:43Z,okta_emp_090,Okta,SSOLogin,Success
f4e61500-f42b-41f4-9a0c-f16f03874ce8,2026-06-16T10:37:43Z,okta_emp_285,Okta,UpdateProfile,Success
5c286fa7-ce65-417e-8c59-542cdfb6e4ed,2026-06-16T14:42:43Z,aws_emp_088,AWS,AssumeRole,Success
dcba9a0f-27c6-46a9-944f-2ac737e53a4d,2026-06-16T15:05:43Z,ad_emp_052,AD,ReadShare,Success
5f19b42b-7a4e-49ad-95b3-6ffc63cfec44,2026-06-16T16:07:43Z,okta_emp_070,Okta,UpdateProfile,Success
91cfc58c-1cd7-4fd1-a6b6-3d4ced783ac0,2026-06-16T16:57:43Z,ad_emp_174,AD,ChangePassword,Success
0f039cce-aa7c-4a29-9e6c-c5019538af12,2026-06-16T17:58:43Z,aws_emp_052,AWS,DescribeEC2Instances,Success
38f358e1-de5c-441d-863b-afae004163a8,2026-06-16T18:45:43Z,okta_emp_156,Okta,ViewDashboard,Success
9a86f958-75ec-4064-bc0f-3e7cdf648fb5,2026-06-16T19:29:43Z,ad_emp_228,AD,Login,Success
b0978a24-1021-4f68-842a-cc67a7198ac4,2026-06-16T20:17:43Z,ad_emp_280,AD,Logoff,Success
9ca6174f-74ec-4753-8b23-e18dbfbcd082,2026-06-16T21:03:43Z,aws_emp_131,AWS,ReadS3Bucket,Success
9bd75286-1046-421e-9763-9fc5692ca70b,2026-06-17T00:39:43Z,ad_emp_092,AD,Logoff,Success
023703a0-d093-4fb7-9d8d-e1cf2db8c794,2026-06-17T05:20:43Z,aws_emp_105,AWS,DescribeEC2Instances,Success
2c8f3dab-1798-4c40-8ff1-2c52168cc772,2026-06-17T08:22:43Z,okta_emp_045,Okta,UpdateProfile,Success
8757101e-8f3b-48fa-9226-b468d2451ad3,2026-06-17T10:48:43Z,aws_emp_083,AWS,AssumeRole,Success
3cfb38c0-462e-4030-a852-a3d61083ec09,2026-06-17T10:55:43Z,aws_emp_123,AWS,ReadS3Bucket,Success
a9dce045-096e-4489-93b9-07f01c1787b7,2026-06-17T11:17:43Z,okta_emp_061,Okta,ViewDashboard,Success
0257c8a7-002e-43ff-b222-158c765ca084,2026-06-17T11:21:43Z,okta_emp_053,Okta,ViewDashboard,Success
5e8af537-ff49-4fe5-8def-5aea15ee944c,2026-06-17T12:43:43Z,okta_emp_013,Okta,ViewDashboard,Success
aad7ffd6-8d61-487f-864a-536ece9a0649,2026-06-17T13:24:43Z,okta_emp_128,Okta,UpdateProfile,Success
f6d03d88-6b17-42c9-ad04-1996f8e3eeb7,2026-06-17T14:03:43Z,aws_emp_219,AWS,DescribeEC2Instances,Success
63c91f44-fda3-413e-8188-734d0be66c5b,2026-06-17T16:01:43Z,ad_emp_180,AD,Logoff,Success
38a950d2-fcbe-472a-9fff-ffe9d5e972fb,2026-06-17T18:13:43Z,aws_emp_252,AWS,ReadS3Bucket,Success
cfb1ed28-0244-43ef-ac32-55569998789a,2026-06-17T20:31:43Z,aws_emp_066,AWS,DescribeEC2Instances,Success
b1b54e9d-dc8b-4852-b8ba-4e69dc1fa8db,2026-06-17T21:56:43Z,okta_emp_034,Okta,ViewDashboard,Success
c172c112-5948-482e-b7d8-5931931ce56d,2026-06-18T01:54:43Z,aws_emp_125,AWS,DescribeEC2Instances,Success
1f6e5e4f-8963-4991-9e28-e02f7a1e74c9,2026-06-18T03:04:43Z,okta_emp_157,Okta,SSOLogin,Success
5e5dab9a-200d-4676-ade5-a4c8c6c08db0,2026-06-18T03:18:43Z,aws_emp_039,AWS,DescribeEC2Instances,Success
88a22f45-6e96-4555-8c55-bfec95bdcea9,2026-06-18T04:34:43Z,ad_emp_093,AD,ReadShare,Success
bafcfa13-cd4e-4e31-8694-56f6394d0d42,2026-06-18T05:29:43Z,aws_emp_096,AWS,ReadS3Bucket,Success
acad61e4-e9ff-4495-bd16-245d307314ef,2026-06-18T08:04:43Z,okta_emp_293,Okta,SSOLogin,Success
b89afd44-9d5b-49fd-abe6-ab31a9d9157c,2026-06-18T08:26:43Z,ad_emp_126,AD,Logoff,Success
33f15a6a-0341-46f7-8b09-9d5adc63dd4f,2026-06-18T09:05:43Z,ad_emp_156,AD,ReadShare,Success
b1002d30-c4f6-4bfd-bc1f-0ecbde9396af,2026-06-18T11:22:43Z,okta_emp_087,Okta,SSOLogin,Success
ad28d893-af77-4d70-a49d-805c3601fe2b,2026-06-18T12:03:43Z,ad_emp_068,AD,Logoff,Success
b9def0a8-b77f-458f-899a-50cd8d243b94,2026-06-18T13:04:43Z,ad_emp_245,AD,Login,Success
9c4b8547-894b-4bd6-b6fa-69e5e190b238,2026-06-18T14:42:43Z,okta_emp_064,Okta,ViewDashboard,Success
29e3ee67-3b68-458d-81f2-e62af25d070d,2026-06-18T15:24:43Z,aws_emp_129,AWS,DescribeEC2Instances,Success
a35961df-403e-4950-ab41-4503289a8d10,2026-06-18T16:40:43Z,okta_emp_237,Okta,SSOLogin,Success
b35211bc-ff07-4c42-85fa-ebe4e2df5f23,2026-06-18T16:54:43Z,aws_emp_173,AWS,AssumeRole,Success
7574d3e1-9266-4663-b2ef-05ee9b4a1ee5,2026-06-18T21:33:43Z,okta_emp_078,Okta,ViewDashboard,Success
38ef2e07-bd2b-482b-aff7-cf8c8e135dad,2026-06-18T22:23:43Z,ad_emp_284,AD,Login,Failure
38ef5d4b-dfbf-4d4b-965a-794ad627b389,2026-06-18T22:42:43Z,ad_emp_046,AD,Login,Success
947255c9-6bb6-41ff-816b-324d0a6a4af0,2026-06-18T23:45:43Z,ad_emp_075,AD,Login,Success
c3e84c90-fceb-42e5-b9f3-248318d50ffb,2026-06-19T00:54:43Z,ad_emp_096,AD,ReadShare,Success
9c6e2c38-71b7-4822-b7d3-b0723ab70ec1,2026-06-19T02:52:43Z,okta_emp_141,Okta,UpdateProfile,Success
8bb671f3-8378-4e38-b50d-ef9fe2f73079,2026-06-19T03:39:43Z,okta_emp_096,Okta,UpdateProfile,Success
8a7679fe-671a-4a31-b136-ea796a729350,2026-06-19T04:07:43Z,okta_emp_276,Okta,SSOLogin,Success
124098e2-fcb6-44d4-aabe-9eb790f09b2f,2026-06-19T04:09:43Z,ad_emp_295,AD,Login,Success
be5e66de-b314-48ff-8442-21669b73f080,2026-06-19T04:11:43Z,okta_emp_020,Okta,SSOLogin,Success
92fa11f3-1401-4f00-9233-f4e3c3d21393,2026-06-19T04:32:43Z,okta_emp_185,Okta,SSOLogin,Success
89973fea-4d16-4e9e-92e2-4ed43e93f2c6,2026-06-19T06:33:43Z,okta_emp_054,Okta,SSOLogin,Success
9d9047a9-73fc-497a-870e-5f6539db36a8,2026-06-19T08:29:43Z,okta_emp_146,Okta,GrantAdminRole,Success
f95bae76-74d8-4be2-b95d-a3e5cbed99f1,2026-06-19T09:02:43Z,okta_emp_116,Okta,SSOLogin,Success
c6898118-4116-4b9c-a68f-1d04423dedca,2026-06-19T10:09:43Z,aws_emp_220,AWS,ReadS3Bucket,Success
ccb0841a-3455-4928-8e55-ae507bcd74d5,2026-06-19T11:41:43Z,aws_emp_060,AWS,ReadS3Bucket,Success
172f9c0b-5d71-4bc0-a7d0-d54cf8b74908,2026-06-19T11:44:43Z,ad_emp_071,AD,ChangePassword,Success
f9cc70ff-964a-4e91-ae1d-57a1e64025c1,2026-06-19T11:45:43Z,ad_emp_217,AD,ReadShare,Success
9327d2be-36d5-4d43-8a3f-47b2be7a83a3,2026-06-19T12:17:43Z,aws_emp_276,AWS,DescribeEC2Instances,Success
c8723a88-735f-43cf-8060-a2ed2f14640f,2026-06-19T12:44:43Z,ad_emp_090,AD,Logoff,Success
66ce95a2-3dff-4e16-9ccf-6615d205e6e9,2026-06-19T13:20:43Z,ad_emp_194,AD,ResetAdminPassword,Success
be1f9bf3-6f78-433c-953c-05cdaed31aa9,2026-06-19T14:29:43Z,aws_emp_097,AWS,API_Call_From_Suspicious_IP,Success
19f292e7-b97a-4b8e-911a-dde3b4fa1b92,2026-06-19T17:08:43Z,ad_emp_220,AD,ChangePassword,Success
7a469064-a4ac-4ddb-8005-cd73b7e077fe,2026-06-19T17:50:43Z,okta_emp_219,Okta,SSOLogin,Success
43ca2b1a-84b9-4088-b9eb-1b2f306a4534,2026-06-19T17:52:43Z,ad_emp_242,AD,ResetAdminPassword,Success
cb4f31c0-0645-45f6-af66-6f31b30532e8,2026-06-19T17:54:43Z,aws_emp_066,AWS,ReadS3Bucket,Success
a8a6eb11-0417-4e7a-be7a-32a6f3ceabb4,2026-06-19T18:08:43Z,ad_emp_077,AD,ReadShare,Success
2db6f1bd-c0fa-4af3-b28b-c6e6252e66be,2026-06-19T18:47:43Z,ad_emp_250,AD,Logoff,Success
61748a40-6f87-4e25-a408-cf8fd93c8272,2026-06-19T21:02:43Z,aws_emp_198,AWS,AssumeRole,Success
fa5d2efb-c09f-4f0e-a41a-b0e364bf6aa3,2026-06-19T21:40:43Z,okta_emp_080,Okta,UpdateProfile,Success
766e271f-13fb-4a5b-994f-08474e6b73a5,2026-06-20T03:06:43Z,aws_emp_289,AWS,ReadS3Bucket,Success
fb5ce770-ee9f-4b1b-89f9-4e4f06acc250,2026-06-20T03:52:43Z,aws_emp_004,AWS,AssumeRole,Success
c6c14ff2-0bae-4725-8c72-98fa139cc5b2,2026-06-20T04:23:43Z,ad_emp_106,AD,Login,Success
e969b211-7653-4918-b02f-56acab2f7a72,2026-06-20T04:44:43Z,okta_emp_015,Okta,UpdateProfile,Success
c53df5ae-1120-47f8-87a2-5633c0294ccf,2026-06-20T05:11:43Z,ad_emp_155,AD,ChangePassword,Success
fbd79a0f-ab7c-4965-9f77-e5aaac8bc867,2026-06-20T05:12:43Z,ad_emp_132,AD,Login,Success
5fcc7278-f2f6-4fad-8aad-860f7018faba,2026-06-20T05:33:43Z,ad_emp_278,AD,ReadShare,Success
213fa159-472a-4572-8410-a7c6920a244a,2026-06-20T05:38:43Z,aws_emp_186,AWS,Use_Expired_Token,Success
745e3c44-556b-4b6e-baad-988168ee4b40,2026-06-20T06:55:43Z,ad_emp_208,AD,ChangePassword,Success
75ea1b8f-4eae-4f66-a8f7-6b5218b36af4,2026-06-20T07:03:43Z,okta_emp_232,Okta,SSOLogin,Success
860a6afc-41c0-41c3-913e-363c234788c2,2026-06-20T08:11:43Z,okta_emp_269,Okta,UpdateProfile,Success
a04ff8b9-5610-41ff-866b-bf4dd28967d3,2026-06-20T08:39:43Z,ad_emp_245,AD,ResetAdminPassword,Success
2c508e85-6a71-4e49-b429-0173e090550b,2026-06-20T09:38:43Z,ad_emp_291,AD,ChangePassword,Success
3699df1f-9a52-4ea0-b0be-51128e5525d0,2026-06-20T09:43:43Z,ad_emp_099,AD,ChangePassword,Success
54015546-3a31-46dd-926d-c7e566767c11,2026-06-20T09:53:43Z,ad_emp_186,AD,ReadShare,Success
5fd3ae84-bca1-4da8-a970-d3d7fa05140e,2026-06-20T12:36:43Z,okta_emp_178,Okta,SSOLogin,Success
56c3fdeb-de3c-45fe-8b1b-907fe4031717,2026-06-20T13:21:43Z,aws_emp_158,AWS,ReadS3Bucket,Success
faa50156-ab02-45ee-b122-bfcffd3d1166,2026-06-20T15:24:43Z,okta_emp_071,Okta,GrantAdminRole,Success
010f7e4f-02f1-4cb8-8e33-b2b128becf99,2026-06-20T18:10:43Z,aws_emp_133,AWS,DescribeEC2Instances,Success
