emp_id,hr_status,department,title,justification,ad_id,ad_status,aws_id,aws_status,okta_id,okta_status,last_login,termination_date
emp_001,Terminated,Engineering,Software Engineer,,ad_emp_001,Disabled,aws_emp_001,Disabled,okta_emp_001,Disabled,2026-06-29T12:14:38Z,2026-06-21T12:14:38Z
emp_002,Terminated,Engineering,Software Engineer,,ad_emp_002,Disabled,aws_emp_002,Disabled,okta_emp_002,Disabled,2026-06-17T05:32:38Z,2026-06-15T05:32:38Z
emp_003,Terminated,Engineering,Software Engineer,,ad_emp_003,Disabled,aws_emp_003,Disabled,okta_emp_003,Disabled,2026-06-04T02:50:38Z,2026-05-27T02:50:38Z
emp_004,Terminated,Engineering,Software Engineer,,ad_emp_004,Disabled,aws_emp_004,Disabled,okta_emp_004,Active,2026-06-15T18:12:38Z,2026-06-13T18:12:38Z
emp_005,Terminated,Engineering,Software Engineer,,ad_emp_005,Disabled,aws_emp_005,Disabled,okta_emp_005,Disabled,2026-05-01T13:19:38Z,2026-04-22T13:19:38Z
emp_006,Terminated,Engineering,Software Engineer,,ad_emp_006,Disabled,aws_emp_006,Disabled,okta_emp_006,Disabled,2026-06-10T05:11:38Z,2026-06-09T05:11:38Z
emp_007,Terminated,Engineering,Software Engineer,,ad_emp_007,Disabled,aws_emp_007,Disabled,okta_emp_007,Disabled,2026-05-08T06:38:38Z,2026-05-04T06:38:38Z
emp_008,Terminated,Engineering,Software Engineer,,ad_emp_008,Disabled,aws_emp_008,Disabled,okta_emp_008,Disabled,2026-06-03T11:12:38Z,2026-05-30T11:12:38Z
emp_009,Terminated,Engineering,Software Engineer,,ad_emp_009,Disabled,aws_emp_009,Active,okta_emp_009,Active,2026-06-01T01:51:38Z,2026-05-26T01:51:38Z
emp_010,Terminated,Engineering,Software Engineer,,ad_emp_010,Disabled,aws_emp_010,Disabled,okta_emp_010,Disabled,2026-06-01T20:15:38Z,2026-05-24T20:15:38Z
emp_011,Terminated,Engineering,Software Engineer,,ad_emp_011,Disabled,aws_emp_011,Active,okta_emp_011,Active,2026-05-12T23:37:38Z,2026-05-10T23:37:38Z
emp_012,Terminated,Engineering,Software Engineer,,ad_emp_012,Disabled,aws_emp_012,Active,okta_emp_012,Disabled,2026-05-06T02:21:38Z,2026-05-01T02:21:38Z
emp_013,Terminated,Engineering,Software Engineer,,ad_emp_013,Disabled,aws_emp_013,Disabled,okta_emp_013,Active,2026-06-09T14:08:38Z,2026-06-05T14:08:38Z
emp_014,Terminated,Engineering,Software Engineer,,ad_emp_014,Disabled,aws_emp_014,Disabled,okta_emp_014,Disabled,2026-06-02T23:50:38Z,2026-05-26T23:50:38Z
emp_015,Terminated,Engineering,Software Engineer,,ad_emp_015,Disabled,aws_emp_015,Active,okta_emp_015,Active,2026-05-30T01:25:38Z,2026-05-24T01:25:38Z
emp_016,Terminated,Engineering,Software Engineer,,ad_emp_016,Disabled,aws_emp_016,Disabled,okta_emp_016,Disabled,2026-05-26T21:20:38Z,2026-05-21T21:20:38Z
emp_017,Terminated,Engineering,Software Engineer,,ad_emp_017,Disabled,aws_emp_017,Active,okta_emp_017,Disabled,2026-06-26T09:56:38Z,2026-06-17T09:56:38Z
emp_018,Terminated,Engineering,Software Engineer,,ad_emp_018,Disabled,aws_emp_018,Disabled,okta_emp_018,Disabled,2026-06-16T17:04:38Z,2026-06-13T17:04:38Z
emp_019,Terminated,Engineering,Software Engineer,,ad_emp_019,Disabled,aws_emp_019,Disabled,okta_emp_019,Active,2026-06-03T21:04:38Z,2026-05-25T21:04:38Z
emp_020,Terminated,Engineering,Software Engineer,,ad_emp_020,Disabled,aws_emp_020,Disabled,okta_emp_020,Active,2026-05-11T00:03:38Z,2026-05-02T00:03:38Z
emp_021,Terminated,Engineering,Software Engineer,,ad_emp_021,Disabled,aws_emp_021,Disabled,okta_emp_021,Active,2026-06-14T00:54:38Z,2026-06-08T00:54:38Z
emp_022,Terminated,Engineering,Software Engineer,,ad_emp_022,Disabled,aws_emp_022,Disabled,okta_emp_022,Disabled,2026-05-01T20:45:38Z,2026-04-27T20:45:38Z
emp_023,Terminated,Engineering,Software Engineer,,ad_emp_023,Disabled,aws_emp_023,Disabled,okta_emp_023,Disabled,2026-05-28T16:05:38Z,2026-05-24T16:05:38Z
emp_024,Terminated,Engineering,Software Engineer,,ad_emp_024,Disabled,aws_emp_024,Active,okta_emp_024,Disabled,2026-06-19T21:35:38Z,2026-06-15T21:35:38Z
emp_025,Terminated,Engineering,Software Engineer,,ad_emp_025,Disabled,aws_emp_025,Disabled,okta_emp_025,Disabled,2026-05-31T22:32:38Z,2026-05-23T22:32:38Z
emp_026,Terminated,Engineering,Software Engineer,,ad_emp_026,Disabled,aws_emp_026,Disabled,okta_emp_026,Active,2026-06-12T19:38:38Z,2026-06-10T19:38:38Z
emp_027,Terminated,Engineering,Software Engineer,,ad_emp_027,Disabled,aws_emp_027,Active,okta_emp_027,Active,2026-05-19T12:26:38Z,2026-05-12T12:26:38Z
emp_028,Terminated,Engineering,Software Engineer,,ad_emp_028,Disabled,aws_emp_028,Active,okta_emp_028,Active,2026-06-22T22:56:38Z,2026-06-16T22:56:38Z
emp_029,Terminated,Engineering,Software Engineer,,ad_emp_029,Disabled,aws_emp_029,Disabled,okta_emp_029,Disabled,2026-05-07T03:04:38Z,2026-05-05T03:04:38Z
emp_030,Terminated,Engineering,Software Engineer,,ad_emp_030,Disabled,aws_emp_030,Active,okta_emp_030,Disabled,2026-05-10T21:27:38Z,2026-05-02T21:27:38Z
emp_031,Terminated,Engineering,Software Engineer,,ad_emp_031,Disabled,aws_emp_031,Active,okta_emp_031,Disabled,2026-05-17T23:04:38Z,2026-05-11T23:04:38Z
emp_032,Terminated,Engineering,Software Engineer,,ad_emp_032,Disabled,aws_emp_032,Disabled,okta_emp_032,Active,2026-04-27T19:52:38Z,2026-04-24T19:52:38Z
emp_033,Terminated,Engineering,Software Engineer,,ad_emp_033,Disabled,aws_emp_033,Disabled,okta_emp_033,Active,2026-05-13T21:53:38Z,2026-05-10T21:53:38Z
emp_034,Terminated,Engineering,Software Engineer,,ad_emp_034,Disabled,aws_emp_034,Active,okta_emp_034,Active,2026-05-24T08:24:38Z,2026-05-16T08:24:38Z
emp_035,Terminated,Engineering,Software Engineer,,ad_emp_035,Disabled,aws_emp_035,Disabled,okta_emp_035,Active,2026-05-16T08:16:38Z,2026-05-11T08:16:38Z
emp_036,Terminated,Engineering,Software Engineer,,ad_emp_036,Disabled,aws_emp_036,Disabled,okta_emp_036,Active,2026-06-19T13:52:38Z,2026-06-13T13:52:38Z
emp_037,Active,Marketing,Marketing Specialist,,ad_emp_037,Active,aws_emp_037,Active,okta_emp_037,Active,2026-06-13T03:20:38Z,
emp_038,Active,Marketing,Marketing Specialist,,ad_emp_038,Active,aws_emp_038,Active,okta_emp_038,Active,2026-06-14T02:38:38Z,
emp_039,Active,Marketing,Marketing Specialist,,ad_emp_039,Active,aws_emp_039,Active,okta_emp_039,Active,2026-06-21T08:35:38Z,
emp_040,Active,Marketing,Marketing Specialist,,ad_emp_040,Active,aws_emp_040,Active,okta_emp_040,Active,2026-06-18T14:14:38Z,
emp_041,Active,Marketing,Marketing Specialist,,ad_emp_041,Active,aws_emp_041,Active,okta_emp_041,Active,2026-06-19T21:56:38Z,
emp_042,Active,Marketing,Marketing Specialist,,ad_emp_042,Active,aws_emp_042,Active,okta_emp_042,Active,2026-06-12T14:52:38Z,
emp_043,Active,Marketing,Marketing Specialist,,ad_emp_043,Active,aws_emp_043,Active,okta_emp_043,Active,2026-06-17T13:06:38Z,
emp_044,Active,Marketing,Marketing Specialist,,ad_emp_044,Active,aws_emp_044,Active,okta_emp_044,Active,2026-06-14T13:30:38Z,
emp_045,Active,Marketing,Marketing Specialist,,ad_emp_045,Active,aws_emp_045,Active,okta_emp_045,Active,2026-06-18T02:10:38Z,
emp_046,Active,Marketing,Marketing Specialist,,ad_emp_046,Active,aws_emp_046,Active,okta_emp_046,Active,2026-06-12T22:18:38Z,
emp_047,Active,Marketing,Marketing Specialist,,ad_emp_047,Active,aws_emp_047,Active,okta_emp_047,Active,2026-06-15T12:11:38Z,
emp_048,Active,Marketing,Marketing Specialist,,ad_emp_048,Active,aws_emp_048,Active,okta_emp_048,Active,2026-06-15T08:38:38Z,
emp_049,Active,Marketing,Marketing Specialist,,ad_emp_049,Active,aws_emp_049,Active,okta_emp_049,Active,2026-06-17T17:03:38Z,
emp_050,Active,Marketing,Marketing Specialist,,ad_emp_050,Active,aws_emp_050,Active,okta_emp_050,Active,2026-06-20T04:32:38Z,
emp_051,Active,Marketing,Marketing Specialist,,ad_emp_051,Active,aws_emp_051,Active,okta_emp_051,Active,2026-06-19T23:20:38Z,
emp_052,Active,Marketing,Marketing Specialist,,ad_emp_052,Active,aws_emp_052,Active,okta_emp_052,Active,2026-06-17T11:01:38Z,
emp_053,Active,Marketing,Marketing Specialist,,ad_emp_053,Active,aws_emp_053,Active,okta_emp_053,Active,2026-06-20T13:16:38Z,
emp_054,Active,Marketing,Marketing Specialist,,ad_emp_054,Active,aws_emp_054,Active,okta_emp_054,Active,2026-06-13T16:31:38Z,
emp_055,Active,Marketing,Marketing Specialist,,ad_emp_055,Active,aws_emp_055,Active,okta_emp_055,Active,2026-06-16T18:36:38Z,
emp_056,Active,Marketing,Marketing Specialist,,ad_emp_056,Active,aws_emp_056,Active,okta_emp_056,Active,2026-06-19T10:43:38Z,
emp_057,Active,Marketing,Marketing Specialist,,ad_emp_057,Active,aws_emp_057,Active,okta_emp_057,Active,2026-06-10T21:37:38Z,
emp_058,Active,Marketing,Marketing Specialist,,ad_emp_058,Active,aws_emp_058,Active,okta_emp_058,Active,2026-06-16T05:56:38Z,
emp_059,Active,Marketing,Marketing Specialist,,ad_emp_059,Active,aws_emp_059,Active,okta_emp_059,Active,2026-06-14T04:01:38Z,
emp_060,Active,Marketing,Marketing Specialist,,ad_emp_060,Active,aws_emp_060,Active,okta_emp_060,Active,2026-06-19T18:51:38Z,
emp_061,Active,IT Security,On-Call Site Reliability Engineer,Approved role transition / On-Call rotation,ad_emp_061,Active,aws_emp_061,Active,okta_emp_061,Active,2026-06-13T16:45:38Z,
emp_062,Active,IT Security,On-Call Site Reliability Engineer,Approved role transition / On-Call rotation,ad_emp_062,Active,aws_emp_062,Active,okta_emp_062,Active,2026-06-16T03:01:38Z,
emp_063,Active,IT Security,On-Call Site Reliability Engineer,Approved role transition / On-Call rotation,ad_emp_063,Active,aws_emp_063,Active,okta_emp_063,Active,2026-06-14T12:23:38Z,
emp_064,Active,IT Security,On-Call Site Reliability Engineer,Approved role transition / On-Call rotation,ad_emp_064,Active,aws_emp_064,Active,okta_emp_064,Active,2026-06-14T05:25:38Z,
emp_065,Active,IT Security,On-Call Site Reliability Engineer,Approved role transition / On-Call rotation,ad_emp_065,Active,aws_emp_065,Active,okta_emp_065,Active,2026-06-19T12:13:38Z,
emp_066,Active,IT Security,On-Call Site Reliability Engineer,Approved role transition / On-Call rotation,ad_emp_066,Active,aws_emp_066,Active,okta_emp_066,Active,2026-06-14T20:40:38Z,
emp_067,Active,IT Security,On-Call Site Reliability Engineer,Approved role transition / On-Call rotation,ad_emp_067,Active,aws_emp_067,Active,okta_emp_067,Active,2026-06-14T23:59:38Z,
emp_068,Active,IT Security,On-Call Site Reliability Engineer,Approved role transition / On-Call rotation,ad_emp_068,Active,aws_emp_068,Active,okta_emp_068,Active,2026-06-18T11:05:38Z,
emp_069,Active,IT Security,On-Call Site Reliability Engineer,Approved role transition / On-Call rotation,ad_emp_069,Active,aws_emp_069,Active,okta_emp_069,Active,2026-06-21T08:38:38Z,
emp_070,Active,IT Security,On-Call Site Reliability Engineer,Approved role transition / On-Call rotation,ad_emp_070,Active,aws_emp_070,Active,okta_emp_070,Active,2026-06-11T11:49:38Z,
emp_071,Active,IT Security,On-Call Site Reliability Engineer,Approved role transition / On-Call rotation,ad_emp_071,Active,aws_emp_071,Active,okta_emp_071,Active,2026-06-20T11:46:38Z,
emp_072,Active,IT Security,On-Call Site Reliability Engineer,Approved role transition / On-Call rotation,ad_emp_072,Active,aws_emp_072,Active,okta_emp_072,Active,2026-06-21T12:20:38Z,
emp_073,Active,IT Security,On-Call Site Reliability Engineer,Approved role transition / On-Call rotation,ad_emp_073,Active,aws_emp_073,Active,okta_emp_073,Active,2026-06-16T11:03:38Z,
emp_074,Active,IT Security,On-Call Site Reliability Engineer,Approved role transition / On-Call rotation,ad_emp_074,Active,aws_emp_074,Active,okta_emp_074,Active,2026-06-11T18:32:38Z,
emp_075,Active,IT Security,On-Call Site Reliability Engineer,Approved role transition / On-Call rotation,ad_emp_075,Active,aws_emp_075,Active,okta_emp_075,Active,2026-06-15T04:01:38Z,
emp_076,Active,IT Security,On-Call Site Reliability Engineer,Approved role transition / On-Call rotation,ad_emp_076,Active,aws_emp_076,Active,okta_emp_076,Active,2026-06-12T12:17:38Z,
emp_077,Active,IT Security,On-Call Site Reliability Engineer,Approved role transition / On-Call rotation,ad_emp_077,Active,aws_emp_077,Active,okta_emp_077,Active,2026-06-16T04:04:38Z,
emp_078,Active,IT Security,On-Call Site Reliability Engineer,Approved role transition / On-Call rotation,ad_emp_078,Active,aws_emp_078,Active,okta_emp_078,Active,2026-06-14T10:32:38Z,
emp_079,Active,IT Security,On-Call Site Reliability Engineer,Approved role transition / On-Call rotation,ad_emp_079,Active,aws_emp_079,Active,okta_emp_079,Active,2026-06-21T17:19:38Z,
emp_080,Active,IT Security,On-Call Site Reliability Engineer,Approved role transition / On-Call rotation,ad_emp_080,Active,aws_emp_080,Active,okta_emp_080,Active,2026-06-20T17:34:38Z,
emp_081,Active,IT Security,On-Call Site Reliability Engineer,Approved role transition / On-Call rotation,ad_emp_081,Active,aws_emp_081,Active,okta_emp_081,Active,2026-06-20T11:04:38Z,
emp_082,Active,IT Security,On-Call Site Reliability Engineer,Approved role transition / On-Call rotation,ad_emp_082,Active,aws_emp_082,Active,okta_emp_082,Active,2026-06-19T16:06:38Z,
emp_083,Active,IT Security,On-Call Site Reliability Engineer,Approved role transition / On-Call rotation,ad_emp_083,Active,aws_emp_083,Active,okta_emp_083,Active,2026-06-16T07:54:38Z,
emp_084,Active,IT Security,On-Call Site Reliability Engineer,Approved role transition / On-Call rotation,ad_emp_084,Active,aws_emp_084,Active,okta_emp_084,Active,2026-06-16T11:20:38Z,
emp_085,Active,IT Security,On-Call Site Reliability Engineer,Approved role transition / On-Call rotation,ad_emp_085,Active,aws_emp_085,Active,okta_emp_085,Active,2026-06-13T20:27:38Z,
emp_086,Active,IT Security,On-Call Site Reliability Engineer,Approved role transition / On-Call rotation,ad_emp_086,Active,aws_emp_086,Active,okta_emp_086,Active,2026-06-14T22:24:38Z,
emp_087,Active,IT Security,On-Call Site Reliability Engineer,Approved role transition / On-Call rotation,ad_emp_087,Active,aws_emp_087,Active,okta_emp_087,Active,2026-06-21T00:50:38Z,
emp_088,Active,IT Security,On-Call Site Reliability Engineer,Approved role transition / On-Call rotation,ad_emp_088,Active,aws_emp_088,Active,okta_emp_088,Active,2026-06-16T19:15:38Z,
emp_089,Active,IT Security,On-Call Site Reliability Engineer,Approved role transition / On-Call rotation,ad_emp_089,Active,aws_emp_089,Active,okta_emp_089,Active,2026-06-14T06:35:38Z,
emp_090,Active,IT Security,On-Call Site Reliability Engineer,Approved role transition / On-Call rotation,ad_emp_090,Active,aws_emp_090,Active,okta_emp_090,Active,2026-06-20T10:33:38Z,
emp_091,Active,IT Security,On-Call Site Reliability Engineer,Approved role transition / On-Call rotation,ad_emp_091,Active,aws_emp_091,Active,okta_emp_091,Active,2026-06-21T04:57:38Z,
emp_092,Active,IT Security,On-Call Site Reliability Engineer,Approved role transition / On-Call rotation,ad_emp_092,Active,aws_emp_092,Active,okta_emp_092,Active,2026-06-21T04:31:38Z,
emp_093,Active,IT Security,On-Call Site Reliability Engineer,Approved role transition / On-Call rotation,ad_emp_093,Active,aws_emp_093,Active,okta_emp_093,Active,2026-06-20T19:08:38Z,
emp_094,Active,IT Security,On-Call Site Reliability Engineer,Approved role transition / On-Call rotation,ad_emp_094,Active,aws_emp_094,Active,okta_emp_094,Active,2026-06-14T18:36:38Z,
emp_095,Active,IT Security,On-Call Site Reliability Engineer,Approved role transition / On-Call rotation,ad_emp_095,Active,aws_emp_095,Active,okta_emp_095,Active,2026-06-10T20:06:38Z,
emp_096,Active,IT Security,On-Call Site Reliability Engineer,Approved role transition / On-Call rotation,ad_emp_096,Active,aws_emp_096,Active,okta_emp_096,Active,2026-06-18T01:33:38Z,
emp_097,Active,IT Security,On-Call Site Reliability Engineer,Approved role transition / On-Call rotation,ad_emp_097,Active,aws_emp_097,Active,okta_emp_097,Active,2026-06-11T12:04:38Z,
emp_098,Active,IT Security,On-Call Site Reliability Engineer,Approved role transition / On-Call rotation,ad_emp_098,Active,aws_emp_098,Active,okta_emp_098,Active,2026-06-10T23:06:38Z,
emp_099,Active,IT Security,On-Call Site Reliability Engineer,Approved role transition / On-Call rotation,ad_emp_099,Active,aws_emp_099,Active,okta_emp_099,Active,2026-06-19T03:17:38Z,
emp_100,Active,IT Security,On-Call Site Reliability Engineer,Approved role transition / On-Call rotation,ad_emp_100,Active,aws_emp_100,Active,okta_emp_100,Active,2026-06-11T20:19:38Z,
emp_101,Active,IT Security,On-Call Site Reliability Engineer,Approved role transition / On-Call rotation,ad_emp_101,Active,aws_emp_101,Active,okta_emp_101,Active,2026-06-16T11:02:38Z,
emp_102,Active,IT Security,On-Call Site Reliability Engineer,Approved role transition / On-Call rotation,ad_emp_102,Active,aws_emp_102,Active,okta_emp_102,Active,2026-06-13T18:22:38Z,
emp_103,Active,IT Security,On-Call Site Reliability Engineer,Approved role transition / On-Call rotation,ad_emp_103,Active,aws_emp_103,Active,okta_emp_103,Active,2026-06-13T21:05:38Z,
emp_104,Active,IT Security,On-Call Site Reliability Engineer,Approved role transition / On-Call rotation,ad_emp_104,Active,aws_emp_104,Active,okta_emp_104,Active,2026-06-16T15:23:38Z,
emp_105,Active,IT Security,On-Call Site Reliability Engineer,Approved role transition / On-Call rotation,ad_emp_105,Active,aws_emp_105,Active,okta_emp_105,Active,2026-06-14T21:44:38Z,
emp_106,Active,Engineering,Employee,,ad_emp_106,Active,aws_emp_106,Active,okta_emp_106,Active,2026-06-17T20:34:38Z,
emp_107,Active,HR,Employee,,ad_emp_107,Active,aws_emp_107,Active,okta_emp_107,Active,2026-06-11T23:33:38Z,
emp_108,Active,Finance,Employee,,ad_emp_108,Active,aws_emp_108,Active,okta_emp_108,Active,2026-06-19T13:19:38Z,
emp_109,Active,HR,Employee,,ad_emp_109,Active,aws_emp_109,Active,okta_emp_109,Active,2026-06-21T01:02:38Z,
emp_110,Terminated,Engineering,Software Engineer,,ad_emp_110,Disabled,aws_emp_110,Disabled,okta_emp_110,Disabled,2026-05-01T15:51:38Z,2026-05-06T15:51:38Z
emp_111,Active,Finance,Employee,,ad_emp_111,Active,aws_emp_111,Active,okta_emp_111,Active,2026-06-14T22:44:38Z,
emp_112,Terminated,Engineering,Software Engineer,,ad_emp_112,Disabled,aws_emp_112,Disabled,okta_emp_112,Disabled,2026-05-23T13:23:38Z,2026-05-30T13:23:38Z
emp_113,Active,Finance,Employee,,ad_emp_113,Active,aws_emp_113,Active,okta_emp_113,Active,2026-06-21T04:48:38Z,
emp_114,Active,HR,Employee,,ad_emp_114,Active,aws_emp_114,Active,okta_emp_114,Active,2026-06-12T00:15:38Z,
emp_115,Active,Finance,Employee,,ad_emp_115,Active,aws_emp_115,Active,okta_emp_115,Active,2026-06-15T11:25:38Z,
emp_116,Active,HR,Employee,,ad_emp_116,Active,aws_emp_116,Active,okta_emp_116,Active,2026-06-17T01:47:38Z,
emp_117,Active,Finance,Employee,,ad_emp_117,Active,aws_emp_117,Active,okta_emp_117,Active,2026-06-19T21:41:38Z,
emp_118,Active,Engineering,Employee,,ad_emp_118,Active,aws_emp_118,Active,okta_emp_118,Active,2026-06-16T01:48:38Z,
emp_119,Active,HR,Employee,,ad_emp_119,Active,aws_emp_119,Active,okta_emp_119,Active,2026-06-16T07:02:38Z,
emp_120,Active,Finance,Employee,,ad_emp_120,Active,aws_emp_120,Active,okta_emp_120,Active,2026-06-12T01:17:38Z,
emp_121,Terminated,Engineering,Software Engineer,,ad_emp_121,Disabled,aws_emp_121,Disabled,okta_emp_121,Disabled,2026-05-16T03:13:38Z,2026-05-25T03:13:38Z
emp_122,Active,Finance,Employee,,ad_emp_122,Active,aws_emp_122,Active,okta_emp_122,Active,2026-06-20T22:18:38Z,
emp_123,Active,Finance,Employee,,ad_emp_123,Active,aws_emp_123,Active,okta_emp_123,Active,2026-06-20T16:34:38Z,
emp_124,Active,HR,Employee,,ad_emp_124,Active,aws_emp_124,Active,okta_emp_124,Active,2026-06-14T18:43:38Z,
emp_125,Terminated,Engineering,Software Engineer,,ad_emp_125,Disabled,aws_emp_125,Disabled,okta_emp_125,Disabled,2026-05-07T22:14:38Z,2026-05-14T22:14:38Z
emp_126,Active,Sales,Employee,,ad_emp_126,Active,aws_emp_126,Active,okta_emp_126,Active,2026-06-21T03:40:38Z,
emp_127,Active,HR,Employee,,ad_emp_127,Active,aws_emp_127,Active,okta_emp_127,Active,2026-06-13T23:07:38Z,
emp_128,Active,Sales,Employee,,ad_emp_128,Active,aws_emp_128,Active,okta_emp_128,Active,2026-06-19T22:47:38Z,
emp_129,Active,HR,Employee,,ad_emp_129,Active,aws_emp_129,Active,okta_emp_129,Active,2026-06-11T20:32:38Z,
emp_130,Active,HR,Employee,,ad_emp_130,Active,aws_emp_130,Active,okta_emp_130,Active,2026-06-20T23:04:38Z,
emp_131,Active,Sales,Employee,,ad_emp_131,Active,aws_emp_131,Active,okta_emp_131,Active,2026-06-18T21:31:38Z,
emp_132,Active,HR,Employee,,ad_emp_132,Active,aws_emp_132,Active,okta_emp_132,Active,2026-06-14T23:05:38Z,
emp_133,Active,Sales,Employee,,ad_emp_133,Active,aws_emp_133,Active,okta_emp_133,Active,2026-06-18T02:28:38Z,
emp_134,Active,Engineering,Employee,,ad_emp_134,Active,aws_emp_134,Active,okta_emp_134,Active,2026-06-16T00:04:38Z,
emp_135,Active,Sales,Employee,,ad_emp_135,Active,aws_emp_135,Active,okta_emp_135,Active,2026-06-20T16:05:38Z,
emp_136,Active,Engineering,Employee,,ad_emp_136,Active,aws_emp_136,Active,okta_emp_136,Active,2026-06-14T15:17:38Z,
emp_137,Active,Engineering,Employee,,ad_emp_137,Active,aws_emp_137,Active,okta_emp_137,Active,2026-06-19T10:02:38Z,
emp_138,Active,Sales,Employee,,ad_emp_138,Active,aws_emp_138,Active,okta_emp_138,Active,2026-06-17T15:11:38Z,
emp_139,Active,HR,Employee,,ad_emp_139,Active,aws_emp_139,Active,okta_emp_139,Active,2026-06-16T23:36:38Z,
emp_140,Active,Engineering,Employee,,ad_emp_140,Active,aws_emp_140,Active,okta_emp_140,Active,2026-06-11T23:19:38Z,
emp_141,Active,Engineering,Employee,,ad_emp_141,Active,aws_emp_141,Active,okta_emp_141,Active,2026-06-16T09:17:38Z,
emp_142,Active,Engineering,Employee,,ad_emp_142,Active,aws_emp_142,Active,okta_emp_142,Active,2026-06-17T17:43:38Z,
emp_143,Terminated,Engineering,Software Engineer,,ad_emp_143,Disabled,aws_emp_143,Disabled,okta_emp_143,Disabled,2026-06-10T19:47:38Z,2026-06-14T19:47:38Z
emp_144,Active,Finance,Employee,,ad_emp_144,Active,aws_emp_144,Active,okta_emp_144,Active,2026-06-15T23:10:38Z,
emp_145,Active,Engineering,Employee,,ad_emp_145,Active,aws_emp_145,Active,okta_emp_145,Active,2026-06-12T20:59:38Z,
emp_146,Active,Engineering,Employee,,ad_emp_146,Active,aws_emp_146,Active,okta_emp_146,Active,2026-06-13T10:08:38Z,
emp_147,Active,Sales,Employee,,ad_emp_147,Active,aws_emp_147,Active,okta_emp_147,Active,2026-06-18T15:05:38Z,
emp_148,Active,Sales,Employee,,ad_emp_148,Active,aws_emp_148,Active,okta_emp_148,Active,2026-06-11T06:42:38Z,
emp_149,Active,HR,Employee,,ad_emp_149,Active,aws_emp_149,Active,okta_emp_149,Active,2026-06-16T13:34:38Z,
emp_150,Active,Finance,Employee,,ad_emp_150,Active,aws_emp_150,Active,okta_emp_150,Active,2026-06-14T12:46:38Z,
emp_151,Active,Engineering,Employee,,ad_emp_151,Active,aws_emp_151,Active,okta_emp_151,Active,2026-06-12T08:26:38Z,
emp_152,Active,HR,Employee,,ad_emp_152,Active,aws_emp_152,Active,okta_emp_152,Active,2026-06-18T03:39:38Z,
emp_153,Active,Finance,Employee,,ad_emp_153,Active,aws_emp_153,Active,okta_emp_153,Active,2026-06-13T14:16:38Z,
emp_154,Active,Finance,Employee,,ad_emp_154,Active,aws_emp_154,Active,okta_emp_154,Active,2026-06-13T08:58:38Z,
emp_155,Active,Finance,Employee,,ad_emp_155,Active,aws_emp_155,Active,okta_emp_155,Active,2026-06-18T21:39:38Z,
emp_156,Active,HR,Employee,,ad_emp_156,Active,aws_emp_156,Active,okta_emp_156,Active,2026-06-15T16:36:38Z,
emp_157,Active,HR,Employee,,ad_emp_157,Active,aws_emp_157,Active,okta_emp_157,Active,2026-06-16T03:09:38Z,
emp_158,Active,HR,Employee,,ad_emp_158,Active,aws_emp_158,Active,okta_emp_158,Active,2026-06-12T15:04:38Z,
emp_159,Active,Engineering,Employee,,ad_emp_159,Active,aws_emp_159,Active,okta_emp_159,Active,2026-06-18T04:07:38Z,
emp_160,Active,Engineering,Employee,,ad_emp_160,Active,aws_emp_160,Active,okta_emp_160,Active,2026-06-11T17:55:38Z,
emp_161,Active,Engineering,Employee,,ad_emp_161,Active,aws_emp_161,Active,okta_emp_161,Active,2026-06-18T19:49:38Z,
emp_162,Active,Sales,Employee,,ad_emp_162,Active,aws_emp_162,Active,okta_emp_162,Active,2026-06-18T18:43:38Z,
emp_163,Active,Engineering,Employee,,ad_emp_163,Active,aws_emp_163,Active,okta_emp_163,Active,2026-06-14T13:57:38Z,
emp_164,Active,Sales,Employee,,ad_emp_164,Active,aws_emp_164,Active,okta_emp_164,Active,2026-06-14T04:20:38Z,
emp_165,Active,HR,Employee,,ad_emp_165,Active,aws_emp_165,Active,okta_emp_165,Active,2026-06-11T11:40:38Z,
emp_166,Active,Sales,Employee,,ad_emp_166,Active,aws_emp_166,Active,okta_emp_166,Active,2026-06-19T15:39:38Z,
emp_167,Active,HR,Employee,,ad_emp_167,Active,aws_emp_167,Active,okta_emp_167,Active,2026-06-14T21:24:38Z,
emp_168,Active,HR,Employee,,ad_emp_168,Active,aws_emp_168,Active,okta_emp_168,Active,2026-06-21T08:20:38Z,
emp_169,Active,HR,Employee,,ad_emp_169,Active,aws_emp_169,Active,okta_emp_169,Active,2026-06-15T04:18:38Z,
emp_170,Active,Sales,Employee,,ad_emp_170,Active,aws_emp_170,Active,okta_emp_170,Active,2026-06-15T13:36:38Z,
emp_171,Active,Finance,Employee,,ad_emp_171,Active,aws_emp_171,Active,okta_emp_171,Active,2026-06-12T11:29:38Z,
emp_172,Active,Engineering,Employee,,ad_emp_172,Active,aws_emp_172,Active,okta_emp_172,Active,2026-06-11T04:18:38Z,
emp_173,Active,Finance,Employee,,ad_emp_173,Active,aws_emp_173,Active,okta_emp_173,Active,2026-06-19T11:08:38Z,
emp_174,Active,Sales,Employee,,ad_emp_174,Active,aws_emp_174,Active,okta_emp_174,Active,2026-06-12T14:32:38Z,
emp_175,Active,HR,Employee,,ad_emp_175,Active,aws_emp_175,Active,okta_emp_175,Active,2026-06-17T14:07:38Z,
emp_176,Terminated,Engineering,Software Engineer,,ad_emp_176,Disabled,aws_emp_176,Disabled,okta_emp_176,Disabled,2026-05-04T00:56:38Z,2026-05-06T00:56:38Z
emp_177,Active,Engineering,Employee,,ad_emp_177,Active,aws_emp_177,Active,okta_emp_177,Active,2026-06-14T04:36:38Z,
emp_178,Active,Engineering,Employee,,ad_emp_178,Active,aws_emp_178,Active,okta_emp_178,Active,2026-06-16T06:42:38Z,
emp_179,Active,Sales,Employee,,ad_emp_179,Active,aws_emp_179,Active,okta_emp_179,Active,2026-06-12T12:42:38Z,
emp_180,Active,Sales,Employee,,ad_emp_180,Active,aws_emp_180,Active,okta_emp_180,Active,2026-06-18T15:05:38Z,
emp_181,Active,Engineering,Employee,,ad_emp_181,Active,aws_emp_181,Active,okta_emp_181,Active,2026-06-20T01:00:38Z,
emp_182,Active,Engineering,Employee,,ad_emp_182,Active,aws_emp_182,Active,okta_emp_182,Active,2026-06-12T02:36:38Z,
emp_183,Terminated,Engineering,Software Engineer,,ad_emp_183,Disabled,aws_emp_183,Disabled,okta_emp_183,Disabled,2026-06-10T10:16:38Z,2026-06-16T10:16:38Z
emp_184,Active,Engineering,Employee,,ad_emp_184,Active,aws_emp_184,Active,okta_emp_184,Active,2026-06-16T01:26:38Z,
emp_185,Active,HR,Employee,,ad_emp_185,Active,aws_emp_185,Active,okta_emp_185,Active,2026-06-19T08:23:38Z,
emp_186,Active,Engineering,Employee,,ad_emp_186,Active,aws_emp_186,Active,okta_emp_186,Active,2026-06-19T22:40:38Z,
emp_187,Active,Sales,Employee,,ad_emp_187,Active,aws_emp_187,Active,okta_emp_187,Active,2026-06-16T08:39:38Z,
emp_188,Active,Sales,Employee,,ad_emp_188,Active,aws_emp_188,Active,okta_emp_188,Active,2026-06-21T12:03:38Z,
emp_189,Terminated,Engineering,Software Engineer,,ad_emp_189,Disabled,aws_emp_189,Disabled,okta_emp_189,Disabled,2026-04-17T10:47:38Z,2026-04-27T10:47:38Z
emp_190,Active,Sales,Employee,,ad_emp_190,Active,aws_emp_190,Active,okta_emp_190,Active,2026-06-14T14:05:38Z,
emp_191,Active,HR,Employee,,ad_emp_191,Active,aws_emp_191,Active,okta_emp_191,Active,2026-06-19T19:17:38Z,
emp_192,Active,HR,Employee,,ad_emp_192,Active,aws_emp_192,Active,okta_emp_192,Active,2026-06-18T02:29:38Z,
emp_193,Active,Sales,Employee,,ad_emp_193,Active,aws_emp_193,Active,okta_emp_193,Active,2026-06-11T11:22:38Z,
emp_194,Active,Engineering,Employee,,ad_emp_194,Active,aws_emp_194,Active,okta_emp_194,Active,2026-06-19T15:44:38Z,
emp_195,Active,Finance,Employee,,ad_emp_195,Active,aws_emp_195,Active,okta_emp_195,Active,2026-06-12T19:58:38Z,
emp_196,Active,Sales,Employee,,ad_emp_196,Active,aws_emp_196,Active,okta_emp_196,Active,2026-06-19T04:18:38Z,
emp_197,Active,HR,Employee,,ad_emp_197,Active,aws_emp_197,Active,okta_emp_197,Active,2026-06-14T07:28:38Z,
emp_198,Active,Sales,Employee,,ad_emp_198,Active,aws_emp_198,Active,okta_emp_198,Active,2026-06-21T16:47:38Z,
emp_199,Active,Engineering,Employee,,ad_emp_199,Active,aws_emp_199,Active,okta_emp_199,Active,2026-06-13T14:34:38Z,
emp_200,Active,HR,Employee,,ad_emp_200,Active,aws_emp_200,Active,okta_emp_200,Active,2026-06-21T08:03:38Z,
emp_201,Terminated,Engineering,Software Engineer,,ad_emp_201,Disabled,aws_emp_201,Disabled,okta_emp_201,Disabled,2026-04-27T10:27:38Z,2026-04-29T10:27:38Z
emp_202,Active,HR,Employee,,ad_emp_202,Active,aws_emp_202,Active,okta_emp_202,Active,2026-06-13T04:22:38Z,
emp_203,Active,Sales,Employee,,ad_emp_203,Active,aws_emp_203,Active,okta_emp_203,Active,2026-06-14T05:15:38Z,
emp_204,Active,Engineering,Employee,,ad_emp_204,Active,aws_emp_204,Active,okta_emp_204,Active,2026-06-11T14:01:38Z,
emp_205,Active,Engineering,Employee,,ad_emp_205,Active,aws_emp_205,Active,okta_emp_205,Active,2026-06-17T04:05:38Z,
emp_206,Active,Sales,Employee,,ad_emp_206,Active,aws_emp_206,Active,okta_emp_206,Active,2026-06-15T04:46:38Z,
emp_207,Active,Finance,Employee,,ad_emp_207,Active,aws_emp_207,Active,okta_emp_207,Active,2026-06-14T10:27:38Z,
emp_208,Active,Finance,Employee,,ad_emp_208,Active,aws_emp_208,Active,okta_emp_208,Active,2026-06-15T16:35:38Z,
emp_209,Active,Finance,Employee,,ad_emp_209,Active,aws_emp_209,Active,okta_emp_209,Active,2026-06-14T02:46:38Z,
emp_210,Active,Finance,Employee,,ad_emp_210,Active,aws_emp_210,Active,okta_emp_210,Active,2026-06-13T21:14:38Z,
emp_211,Terminated,Engineering,Software Engineer,,ad_emp_211,Disabled,aws_emp_211,Disabled,okta_emp_211,Disabled,2026-04-16T08:12:38Z,2026-04-23T08:12:38Z
emp_212,Active,Finance,Employee,,ad_emp_212,Active,aws_emp_212,Active,okta_emp_212,Active,2026-06-11T11:22:38Z,
emp_213,Active,Engineering,Employee,,ad_emp_213,Active,aws_emp_213,Active,okta_emp_213,Active,2026-06-20T23:40:38Z,
emp_214,Active,Sales,Employee,,ad_emp_214,Active,aws_emp_214,Active,okta_emp_214,Active,2026-06-16T14:18:38Z,
emp_215,Active,Engineering,Employee,,ad_emp_215,Active,aws_emp_215,Active,okta_emp_215,Active,2026-06-20T19:54:38Z,
emp_216,Terminated,Engineering,Software Engineer,,ad_emp_216,Disabled,aws_emp_216,Disabled,okta_emp_216,Disabled,2026-04-19T04:28:38Z,2026-04-25T04:28:38Z
emp_217,Active,Finance,Employee,,ad_emp_217,Active,aws_emp_217,Active,okta_emp_217,Active,2026-06-16T13:19:38Z,
emp_218,Active,Engineering,Employee,,ad_emp_218,Active,aws_emp_218,Active,okta_emp_218,Active,2026-06-20T00:49:38Z,
emp_219,Active,Sales,Employee,,ad_emp_219,Active,aws_emp_219,Active,okta_emp_219,Active,2026-06-21T05:24:38Z,
emp_220,Active,Engineering,Employee,,ad_emp_220,Active,aws_emp_220,Active,okta_emp_220,Active,2026-06-20T05:05:38Z,
emp_221,Active,Engineering,Employee,,ad_emp_221,Active,aws_emp_221,Active,okta_emp_221,Active,2026-06-17T12:43:38Z,
emp_222,Active,Sales,Employee,,ad_emp_222,Active,aws_emp_222,Active,okta_emp_222,Active,2026-06-15T21:24:38Z,
emp_223,Active,Engineering,Employee,,ad_emp_223,Active,aws_emp_223,Active,okta_emp_223,Active,2026-06-21T10:05:38Z,
emp_224,Active,Sales,Employee,,ad_emp_224,Active,aws_emp_224,Active,okta_emp_224,Active,2026-06-19T02:55:38Z,
emp_225,Terminated,Engineering,Software Engineer,,ad_emp_225,Disabled,aws_emp_225,Disabled,okta_emp_225,Disabled,2026-05-15T19:56:38Z,2026-05-25T19:56:38Z
emp_226,Active,HR,Employee,,ad_emp_226,Active,aws_emp_226,Active,okta_emp_226,Active,2026-06-11T16:27:38Z,
emp_227,Active,Sales,Employee,,ad_emp_227,Active,aws_emp_227,Active,okta_emp_227,Active,2026-06-19T06:16:38Z,
emp_228,Active,Finance,Employee,,ad_emp_228,Active,aws_emp_228,Active,okta_emp_228,Active,2026-06-21T02:20:38Z,
emp_229,Active,Engineering,Employee,,ad_emp_229,Active,aws_emp_229,Active,okta_emp_229,Active,2026-06-11T12:37:38Z,
emp_230,Terminated,Engineering,Software Engineer,,ad_emp_230,Disabled,aws_emp_230,Disabled,okta_emp_230,Disabled,2026-05-21T14:57:38Z,2026-05-30T14:57:38Z
emp_231,Terminated,Engineering,Software Engineer,,ad_emp_231,Disabled,aws_emp_231,Disabled,okta_emp_231,Disabled,2026-05-27T02:16:38Z,2026-06-01T02:16:38Z
emp_232,Terminated,Engineering,Software Engineer,,ad_emp_232,Disabled,aws_emp_232,Disabled,okta_emp_232,Disabled,2026-04-25T03:37:38Z,2026-05-01T03:37:38Z
emp_233,Active,Engineering,Employee,,ad_emp_233,Active,aws_emp_233,Active,okta_emp_233,Active,2026-06-13T18:57:38Z,
emp_234,Active,Finance,Employee,,ad_emp_234,Active,aws_emp_234,Active,okta_emp_234,Active,2026-06-11T04:55:38Z,
emp_235,Active,Engineering,Employee,,ad_emp_235,Active,aws_emp_235,Active,okta_emp_235,Active,2026-06-17T21:54:38Z,
emp_236,Active,Sales,Employee,,ad_emp_236,Active,aws_emp_236,Active,okta_emp_236,Active,2026-06-14T01:53:38Z,
emp_237,Terminated,Engineering,Software Engineer,,ad_emp_237,Disabled,aws_emp_237,Disabled,okta_emp_237,Disabled,2026-04-30T04:30:38Z,2026-05-08T04:30:38Z
emp_238,Terminated,Engineering,Software Engineer,,ad_emp_238,Disabled,aws_emp_238,Disabled,okta_emp_238,Disabled,2026-05-17T06:17:38Z,2026-05-27T06:17:38Z
emp_239,Active,Sales,Employee,,ad_emp_239,Active,aws_emp_239,Active,okta_emp_239,Active,2026-06-11T16:47:38Z,
emp_240,Active,Finance,Employee,,ad_emp_240,Active,aws_emp_240,Active,okta_emp_240,Active,2026-06-19T04:29:38Z,
emp_241,Active,Sales,Employee,,ad_emp_241,Active,aws_emp_241,Active,okta_emp_241,Active,2026-06-20T21:55:38Z,
emp_242,Active,Finance,Employee,,ad_emp_242,Active,aws_emp_242,Active,okta_emp_242,Active,2026-06-21T12:55:38Z,
emp_243,Active,HR,Employee,,ad_emp_243,Active,aws_emp_243,Active,okta_emp_243,Active,2026-06-13T06:32:38Z,
emp_244,Active,Sales,Employee,,ad_emp_244,Active,aws_emp_244,Active,okta_emp_244,Active,2026-06-16T04:39:38Z,
emp_245,Active,HR,Employee,,ad_emp_245,Active,aws_emp_245,Active,okta_emp_245,Active,2026-06-17T08:13:38Z,
emp_246,Active,HR,Employee,,ad_emp_246,Active,aws_emp_246,Active,okta_emp_246,Active,2026-06-20T04:06:38Z,
emp_247,Active,Engineering,Employee,,ad_emp_247,Active,aws_emp_247,Active,okta_emp_247,Active,2026-06-14T05:28:38Z,
emp_248,Terminated,Engineering,Software Engineer,,ad_emp_248,Disabled,aws_emp_248,Disabled,okta_emp_248,Disabled,2026-06-19T06:22:38Z,2026-06-21T06:22:38Z
emp_249,Active,Finance,Employee,,ad_emp_249,Active,aws_emp_249,Active,okta_emp_249,Active,2026-06-11T07:44:38Z,
emp_250,Active,HR,Employee,,ad_emp_250,Active,aws_emp_250,Active,okta_emp_250,Active,2026-06-16T15:22:38Z,
emp_251,Active,HR,Employee,,ad_emp_251,Active,aws_emp_251,Active,okta_emp_251,Active,2026-06-17T15:51:38Z,
emp_252,Active,Engineering,Employee,,ad_emp_252,Active,aws_emp_252,Active,okta_emp_252,Active,2026-06-15T13:32:38Z,
emp_253,Active,Finance,Employee,,ad_emp_253,Active,aws_emp_253,Active,okta_emp_253,Active,2026-06-19T11:43:38Z,
emp_254,Active,Engineering,Employee,,ad_emp_254,Active,aws_emp_254,Active,okta_emp_254,Active,2026-06-19T07:23:38Z,
emp_255,Active,Finance,Employee,,ad_emp_255,Active,aws_emp_255,Active,okta_emp_255,Active,2026-06-16T20:00:38Z,
emp_256,Active,Engineering,Employee,,ad_emp_256,Active,aws_emp_256,Active,okta_emp_256,Active,2026-06-12T19:39:38Z,
emp_257,Terminated,Engineering,Software Engineer,,ad_emp_257,Disabled,aws_emp_257,Disabled,okta_emp_257,Disabled,2026-04-27T01:59:38Z,2026-05-05T01:59:38Z
emp_258,Terminated,Engineering,Software Engineer,,ad_emp_258,Disabled,aws_emp_258,Disabled,okta_emp_258,Disabled,2026-05-12T04:28:38Z,2026-05-14T04:28:38Z
emp_259,Active,Finance,Employee,,ad_emp_259,Active,aws_emp_259,Active,okta_emp_259,Active,2026-06-11T09:07:38Z,
emp_260,Active,HR,Employee,,ad_emp_260,Active,aws_emp_260,Active,okta_emp_260,Active,2026-06-15T11:30:38Z,
emp_261,Active,HR,Employee,,ad_emp_261,Active,aws_emp_261,Active,okta_emp_261,Active,2026-06-14T18:30:38Z,
emp_262,Active,Sales,Employee,,ad_emp_262,Active,aws_emp_262,Active,okta_emp_262,Active,2026-06-16T11:08:38Z,
emp_263,Terminated,Engineering,Software Engineer,,ad_emp_263,Disabled,aws_emp_263,Disabled,okta_emp_263,Disabled,2026-06-13T20:21:38Z,2026-06-17T20:21:38Z
emp_264,Active,HR,Employee,,ad_emp_264,Active,aws_emp_264,Active,okta_emp_264,Active,2026-06-16T04:16:38Z,
emp_265,Active,HR,Employee,,ad_emp_265,Active,aws_emp_265,Active,okta_emp_265,Active,2026-06-18T20:33:38Z,
emp_266,Active,Sales,Employee,,ad_emp_266,Active,aws_emp_266,Active,okta_emp_266,Active,2026-06-18T13:57:38Z,
emp_267,Active,Sales,Employee,,ad_emp_267,Active,aws_emp_267,Active,okta_emp_267,Active,2026-06-12T23:44:38Z,
emp_268,Active,Finance,Employee,,ad_emp_268,Active,aws_emp_268,Active,okta_emp_268,Active,2026-06-16T13:21:38Z,
emp_269,Active,HR,Employee,,ad_emp_269,Active,aws_emp_269,Active,okta_emp_269,Active,2026-06-18T11:29:38Z,
emp_270,Active,Sales,Employee,,ad_emp_270,Active,aws_emp_270,Active,okta_emp_270,Active,2026-06-14T18:45:38Z,
emp_271,Active,HR,Employee,,ad_emp_271,Active,aws_emp_271,Active,okta_emp_271,Active,2026-06-12T01:15:38Z,
emp_272,Active,Engineering,Employee,,ad_emp_272,Active,aws_emp_272,Active,okta_emp_272,Active,2026-06-15T04:43:38Z,
emp_273,Terminated,Engineering,Software Engineer,,ad_emp_273,Disabled,aws_emp_273,Disabled,okta_emp_273,Disabled,2026-05-23T05:15:38Z,2026-06-01T05:15:38Z
emp_274,Active,Engineering,Employee,,ad_emp_274,Active,aws_emp_274,Active,okta_emp_274,Active,2026-06-18T06:09:38Z,
emp_275,Active,HR,Employee,,ad_emp_275,Active,aws_emp_275,Active,okta_emp_275,Active,2026-06-16T07:15:38Z,
emp_276,Active,Sales,Employee,,ad_emp_276,Active,aws_emp_276,Active,okta_emp_276,Active,2026-06-13T07:57:38Z,
emp_277,Active,HR,Employee,,ad_emp_277,Active,aws_emp_277,Active,okta_emp_277,Active,2026-06-15T17:58:38Z,
emp_278,Active,Engineering,Employee,,ad_emp_278,Active,aws_emp_278,Active,okta_emp_278,Active,2026-06-21T00:48:38Z,
emp_279,Active,Sales,Employee,,ad_emp_279,Active,aws_emp_279,Active,okta_emp_279,Active,2026-06-12T14:35:38Z,
emp_280,Active,Finance,Employee,,ad_emp_280,Active,aws_emp_280,Active,okta_emp_280,Active,2026-06-12T08:42:38Z,
emp_281,Active,Finance,Employee,,ad_emp_281,Active,aws_emp_281,Active,okta_emp_281,Active,2026-06-16T02:31:38Z,
emp_282,Active,Finance,Employee,,ad_emp_282,Active,aws_emp_282,Active,okta_emp_282,Active,2026-06-14T07:21:38Z,
emp_283,Active,Finance,Employee,,ad_emp_283,Active,aws_emp_283,Active,okta_emp_283,Active,2026-06-16T18:20:38Z,
emp_284,Active,HR,Employee,,ad_emp_284,Active,aws_emp_284,Active,okta_emp_284,Active,2026-06-17T15:38:38Z,
emp_285,Active,Engineering,Employee,,ad_emp_285,Active,aws_emp_285,Active,okta_emp_285,Active,2026-06-10T21:01:38Z,
emp_286,Active,Finance,Employee,,ad_emp_286,Active,aws_emp_286,Active,okta_emp_286,Active,2026-06-21T16:24:38Z,
emp_287,Active,HR,Employee,,ad_emp_287,Active,aws_emp_287,Active,okta_emp_287,Active,2026-06-11T02:39:38Z,
emp_288,Active,Sales,Employee,,ad_emp_288,Active,aws_emp_288,Active,okta_emp_288,Active,2026-06-19T16:13:38Z,
emp_289,Active,HR,Employee,,ad_emp_289,Active,aws_emp_289,Active,okta_emp_289,Active,2026-06-19T00:08:38Z,
emp_290,Active,Finance,Employee,,ad_emp_290,Active,aws_emp_290,Active,okta_emp_290,Active,2026-06-15T01:28:38Z,
emp_291,Active,Finance,Employee,,ad_emp_291,Active,aws_emp_291,Active,okta_emp_291,Active,2026-06-19T19:28:38Z,
emp_292,Active,Finance,Employee,,ad_emp_292,Active,aws_emp_292,Active,okta_emp_292,Active,2026-06-13T22:20:38Z,
emp_293,Active,Finance,Employee,,ad_emp_293,Active,aws_emp_293,Active,okta_emp_293,Active,2026-06-14T23:47:38Z,
emp_294,Active,Engineering,Employee,,ad_emp_294,Active,aws_emp_294,Active,okta_emp_294,Active,2026-06-12T23:21:38Z,
emp_295,Active,HR,Employee,,ad_emp_295,Active,aws_emp_295,Active,okta_emp_295,Active,2026-06-15T06:34:38Z,
emp_296,Active,Engineering,Employee,,ad_emp_296,Active,aws_emp_296,Active,okta_emp_296,Active,2026-06-20T16:11:38Z,
emp_297,Active,HR,Employee,,ad_emp_297,Active,aws_emp_297,Active,okta_emp_297,Active,2026-06-18T04:22:38Z,
emp_298,Active,HR,Employee,,ad_emp_298,Active,aws_emp_298,Active,okta_emp_298,Active,2026-06-19T05:06:38Z,
emp_299,Active,Sales,Employee,,ad_emp_299,Active,aws_emp_299,Active,okta_emp_299,Active,2026-06-18T04:21:38Z,
emp_300,Active,HR,Employee,,ad_emp_300,Active,aws_emp_300,Active,okta_emp_300,Active,2026-06-20T14:43:38Z,
